mode,input_path,output_path,time_in_s,loading_time_in_s,total_time_in_s,input_row_count,output_row_count
best,/hot/data/github_daily/2011-10-15.json,./local-exp/c++-baseline/github/best/output/part_0.csv,0.0701831,0.0257199,24.914291,48899,1418
best,/hot/data/github_daily/2012-10-15.json,./local-exp/c++-baseline/github/best/output/part_1.csv,0.224043,0.0688523,24.914291,165692,5907
best,/hot/data/github_daily/2013-10-15.json,./local-exp/c++-baseline/github/best/output/part_2.csv,0.470148,0.163333,24.914291,296456,10628
best,/hot/data/github_daily/2014-10-15.json,./local-exp/c++-baseline/github/best/output/part_3.csv,1.75233,0.751057,24.914291,476393,16014
best,/hot/data/github_daily/2015-10-15.json,./local-exp/c++-baseline/github/best/output/part_4.csv,1.52335,0.59443,24.914291,737714,25301
best,/hot/data/github_daily/2016-10-15.json,./local-exp/c++-baseline/github/best/output/part_5.csv,1.21712,0.472266,24.914291,678134,19412
best,/hot/data/github_daily/2017-10-15.json,./local-exp/c++-baseline/github/best/output/part_6.csv,1.62444,0.62269,24.914291,910100,26107
best,/hot/data/github_daily/2018-10-15.json,./local-exp/c++-baseline/github/best/output/part_7.csv,3.33498,1.33145,24.914291,1522655,44404
best,/hot/data/github_daily/2019-10-15.json,./local-exp/c++-baseline/github/best/output/part_8.csv,4.87362,2.09063,24.914291,2134789,61337
best,/hot/data/github_daily/2020-10-15.json,./local-exp/c++-baseline/github/best/output/part_9.csv,7.34354,3.29402,24.914291,2963694,62354
best,/hot/data/github_daily/2021-10-15.json,./local-exp/c++-baseline/github/best/output/part_10.csv,2.48018,0.987119,24.914291,1078139,21313
mode,input_path,output_path,time_in_s,loading_time_in_s,total_time_in_s,input_row_count,output_row_count
best,/hot/data/github_daily/2011-10-15.json,./local-exp/c++-baseline/github/best/output/part_0.csv,0.0699459,0.0258096,24.795379,48899,1418
best,/hot/data/github_daily/2012-10-15.json,./local-exp/c++-baseline/github/best/output/part_1.csv,0.220747,0.0674775,24.795379,165692,5907
best,/hot/data/github_daily/2013-10-15.json,./local-exp/c++-baseline/github/best/output/part_2.csv,0.463757,0.165192,24.795379,296456,10628
best,/hot/data/github_daily/2014-10-15.json,./local-exp/c++-baseline/github/best/output/part_3.csv,1.73864,0.756293,24.795379,476393,16014
best,/hot/data/github_daily/2015-10-15.json,./local-exp/c++-baseline/github/best/output/part_4.csv,1.51762,0.596517,24.795379,737714,25301
best,/hot/data/github_daily/2016-10-15.json,./local-exp/c++-baseline/github/best/output/part_5.csv,1.21457,0.477052,24.795379,678134,19412
best,/hot/data/github_daily/2017-10-15.json,./local-exp/c++-baseline/github/best/output/part_6.csv,1.63244,0.627797,24.795379,910100,26107
best,/hot/data/github_daily/2018-10-15.json,./local-exp/c++-baseline/github/best/output/part_7.csv,3.43399,1.33199,24.795379,1522655,44404
best,/hot/data/github_daily/2019-10-15.json,./local-exp/c++-baseline/github/best/output/part_8.csv,4.86421,2.09917,24.795379,2134789,61337
best,/hot/data/github_daily/2020-10-15.json,./local-exp/c++-baseline/github/best/output/part_9.csv,7.16669,3.29794,24.795379,2963694,62354
best,/hot/data/github_daily/2021-10-15.json,./local-exp/c++-baseline/github/best/output/part_10.csv,2.47252,0.985733,24.795379,1078139,21313
mode,input_path,output_path,time_in_s,loading_time_in_s,total_time_in_s,input_row_count,output_row_count
best,/hot/data/github_daily/2011-10-15.json,./local-exp/c++-baseline/github/best/output/part_0.csv,0.0700106,0.0260564,24.729326,48899,1418
best,/hot/data/github_daily/2012-10-15.json,./local-exp/c++-baseline/github/best/output/part_1.csv,0.223345,0.0687898,24.729326,165692,5907
best,/hot/data/github_daily/2013-10-15.json,./local-exp/c++-baseline/github/best/output/part_2.csv,0.463407,0.16507,24.729326,296456,10628
best,/hot/data/github_daily/2014-10-15.json,./local-exp/c++-baseline/github/best/output/part_3.csv,1.73672,0.750945,24.729326,476393,16014
best,/hot/data/github_daily/2015-10-15.json,./local-exp/c++-baseline/github/best/output/part_4.csv,1.5317,0.597147,24.729326,737714,25301
best,/hot/data/github_daily/2016-10-15.json,./local-exp/c++-baseline/github/best/output/part_5.csv,1.21785,0.473862,24.729326,678134,19412
best,/hot/data/github_daily/2017-10-15.json,./local-exp/c++-baseline/github/best/output/part_6.csv,1.63382,0.624594,24.729326,910100,26107
best,/hot/data/github_daily/2018-10-15.json,./local-exp/c++-baseline/github/best/output/part_7.csv,3.25531,1.32803,24.729326,1522655,44404
best,/hot/data/github_daily/2019-10-15.json,./local-exp/c++-baseline/github/best/output/part_8.csv,4.85577,2.08907,24.729326,2134789,61337
best,/hot/data/github_daily/2020-10-15.json,./local-exp/c++-baseline/github/best/output/part_9.csv,7.29622,3.28063,24.729326,2963694,62354
best,/hot/data/github_daily/2021-10-15.json,./local-exp/c++-baseline/github/best/output/part_10.csv,2.44493,0.993802,24.729326,1078139,21313
mode,input_path,output_path,time_in_s,loading_time_in_s,total_time_in_s,input_row_count,output_row_count
best,/hot/data/github_daily/2011-10-15.json,./local-exp/c++-baseline/github/best/output/part_0.csv,0.0703037,0.0264121,24.823906,48899,1418
best,/hot/data/github_daily/2012-10-15.json,./local-exp/c++-baseline/github/best/output/part_1.csv,0.227274,0.0691542,24.823906,165692,5907
best,/hot/data/github_daily/2013-10-15.json,./local-exp/c++-baseline/github/best/output/part_2.csv,0.464942,0.164634,24.823906,296456,10628
best,/hot/data/github_daily/2014-10-15.json,./local-exp/c++-baseline/github/best/output/part_3.csv,1.74247,0.751216,24.823906,476393,16014
best,/hot/data/github_daily/2015-10-15.json,./local-exp/c++-baseline/github/best/output/part_4.csv,1.55193,0.596863,24.823906,737714,25301
best,/hot/data/github_daily/2016-10-15.json,./local-exp/c++-baseline/github/best/output/part_5.csv,1.21978,0.476241,24.823906,678134,19412
best,/hot/data/github_daily/2017-10-15.json,./local-exp/c++-baseline/github/best/output/part_6.csv,1.64893,0.625642,24.823906,910100,26107
best,/hot/data/github_daily/2018-10-15.json,./local-exp/c++-baseline/github/best/output/part_7.csv,3.32108,1.32742,24.823906,1522655,44404
best,/hot/data/github_daily/2019-10-15.json,./local-exp/c++-baseline/github/best/output/part_8.csv,4.88226,2.08803,24.823906,2134789,61337
best,/hot/data/github_daily/2020-10-15.json,./local-exp/c++-baseline/github/best/output/part_9.csv,7.19838,3.28061,24.823906,2963694,62354
best,/hot/data/github_daily/2021-10-15.json,./local-exp/c++-baseline/github/best/output/part_10.csv,2.49627,0.992439,24.823906,1078139,21313
mode,input_path,output_path,time_in_s,loading_time_in_s,total_time_in_s,input_row_count,output_row_count
best,/hot/data/github_daily/2011-10-15.json,./local-exp/c++-baseline/github/best/output/part_0.csv,0.0703904,0.0261917,24.707105,48899,1418
best,/hot/data/github_daily/2012-10-15.json,./local-exp/c++-baseline/github/best/output/part_1.csv,0.223442,0.0693042,24.707105,165692,5907
best,/hot/data/github_daily/2013-10-15.json,./local-exp/c++-baseline/github/best/output/part_2.csv,0.465268,0.165126,24.707105,296456,10628
best,/hot/data/github_daily/2014-10-15.json,./local-exp/c++-baseline/github/best/output/part_3.csv,1.74062,0.752979,24.707105,476393,16014
best,/hot/data/github_daily/2015-10-15.json,./local-exp/c++-baseline/github/best/output/part_4.csv,1.51385,0.596624,24.707105,737714,25301
best,/hot/data/github_daily/2016-10-15.json,./local-exp/c++-baseline/github/best/output/part_5.csv,1.21179,0.476312,24.707105,678134,19412
best,/hot/data/github_daily/2017-10-15.json,./local-exp/c++-baseline/github/best/output/part_6.csv,1.63331,0.626673,24.707105,910100,26107
best,/hot/data/github_daily/2018-10-15.json,./local-exp/c++-baseline/github/best/output/part_7.csv,3.33132,1.32742,24.707105,1522655,44404
best,/hot/data/github_daily/2019-10-15.json,./local-exp/c++-baseline/github/best/output/part_8.csv,4.88385,2.08987,24.707105,2134789,61337
best,/hot/data/github_daily/2020-10-15.json,./local-exp/c++-baseline/github/best/output/part_9.csv,7.16838,3.28003,24.707105,2963694,62354
best,/hot/data/github_daily/2021-10-15.json,./local-exp/c++-baseline/github/best/output/part_10.csv,2.46464,0.988713,24.707105,1078139,21313
mode,input_path,output_path,time_in_s,loading_time_in_s,total_time_in_s,input_row_count,output_row_count
best,/hot/data/github_daily/2011-10-15.json,./local-exp/c++-baseline/github/best/output/part_0.csv,0.0702953,0.0262083,24.790614,48899,1418
best,/hot/data/github_daily/2012-10-15.json,./local-exp/c++-baseline/github/best/output/part_1.csv,0.223838,0.0693873,24.790614,165692,5907
best,/hot/data/github_daily/2013-10-15.json,./local-exp/c++-baseline/github/best/output/part_2.csv,0.465689,0.16447,24.790614,296456,10628
best,/hot/data/github_daily/2014-10-15.json,./local-exp/c++-baseline/github/best/output/part_3.csv,1.74754,0.751456,24.790614,476393,16014
best,/hot/data/github_daily/2015-10-15.json,./local-exp/c++-baseline/github/best/output/part_4.csv,1.5324,0.598394,24.790614,737714,25301
best,/hot/data/github_daily/2016-10-15.json,./local-exp/c++-baseline/github/best/output/part_5.csv,1.2182,0.474155,24.790614,678134,19412
best,/hot/data/github_daily/2017-10-15.json,./local-exp/c++-baseline/github/best/output/part_6.csv,1.63122,0.627661,24.790614,910100,26107
best,/hot/data/github_daily/2018-10-15.json,./local-exp/c++-baseline/github/best/output/part_7.csv,3.25979,1.3249,24.790614,1522655,44404
best,/hot/data/github_daily/2019-10-15.json,./local-exp/c++-baseline/github/best/output/part_8.csv,4.89217,2.09527,24.790614,2134789,61337
best,/hot/data/github_daily/2020-10-15.json,./local-exp/c++-baseline/github/best/output/part_9.csv,7.18928,3.28533,24.790614,2963694,62354
best,/hot/data/github_daily/2021-10-15.json,./local-exp/c++-baseline/github/best/output/part_10.csv,2.55996,0.988972,24.790614,1078139,21313
