mode,input_path,output_path,time_in_s,loading_time_in_s,total_time_in_s,input_row_count,output_row_count
cjson,/hot/data/github_daily/2011-10-15.json,./local-exp/c++-baseline/github/cjson/output/part_0.csv,0.377626,0.0261232,158.300874,48899,1418
cjson,/hot/data/github_daily/2012-10-15.json,./local-exp/c++-baseline/github/cjson/output/part_1.csv,1.29897,0.0694336,158.300874,165692,5907
cjson,/hot/data/github_daily/2013-10-15.json,./local-exp/c++-baseline/github/cjson/output/part_2.csv,2.74906,0.163762,158.300874,296456,10628
cjson,/hot/data/github_daily/2014-10-15.json,./local-exp/c++-baseline/github/cjson/output/part_3.csv,10.299,0.750395,158.300874,476393,16014
cjson,/hot/data/github_daily/2015-10-15.json,./local-exp/c++-baseline/github/cjson/output/part_4.csv,8.9143,0.596272,158.300874,737714,25301
cjson,/hot/data/github_daily/2016-10-15.json,./local-exp/c++-baseline/github/cjson/output/part_5.csv,7.02852,0.472791,158.300874,678134,19412
cjson,/hot/data/github_daily/2017-10-15.json,./local-exp/c++-baseline/github/cjson/output/part_6.csv,9.75993,0.666564,158.300874,910100,26107
cjson,/hot/data/github_daily/2018-10-15.json,./local-exp/c++-baseline/github/cjson/output/part_7.csv,20.7048,1.38417,158.300874,1522655,44404
cjson,/hot/data/github_daily/2019-10-15.json,./local-exp/c++-baseline/github/cjson/output/part_8.csv,32.0529,2.18819,158.300874,2134789,61337
cjson,/hot/data/github_daily/2020-10-15.json,./local-exp/c++-baseline/github/cjson/output/part_9.csv,50.0272,3.4206,158.300874,2963694,62354
cjson,/hot/data/github_daily/2021-10-15.json,./local-exp/c++-baseline/github/cjson/output/part_10.csv,15.0883,1.03637,158.300874,1078139,21313
mode,input_path,output_path,time_in_s,loading_time_in_s,total_time_in_s,input_row_count,output_row_count
cjson,/hot/data/github_daily/2011-10-15.json,./local-exp/c++-baseline/github/cjson/output/part_0.csv,0.377059,0.0262074,155.060256,48899,1418
cjson,/hot/data/github_daily/2012-10-15.json,./local-exp/c++-baseline/github/cjson/output/part_1.csv,1.30014,0.0690062,155.060256,165692,5907
cjson,/hot/data/github_daily/2013-10-15.json,./local-exp/c++-baseline/github/cjson/output/part_2.csv,2.70118,0.164199,155.060256,296456,10628
cjson,/hot/data/github_daily/2014-10-15.json,./local-exp/c++-baseline/github/cjson/output/part_3.csv,10.2233,0.75083,155.060256,476393,16014
cjson,/hot/data/github_daily/2015-10-15.json,./local-exp/c++-baseline/github/cjson/output/part_4.csv,8.9335,0.59921,155.060256,737714,25301
cjson,/hot/data/github_daily/2016-10-15.json,./local-exp/c++-baseline/github/cjson/output/part_5.csv,7.01451,0.473002,155.060256,678134,19412
cjson,/hot/data/github_daily/2017-10-15.json,./local-exp/c++-baseline/github/cjson/output/part_6.csv,9.54525,0.623557,155.060256,910100,26107
cjson,/hot/data/github_daily/2018-10-15.json,./local-exp/c++-baseline/github/cjson/output/part_7.csv,20.2342,1.32367,155.060256,1522655,44404
cjson,/hot/data/github_daily/2019-10-15.json,./local-exp/c++-baseline/github/cjson/output/part_8.csv,31.2271,2.08504,155.060256,2134789,61337
cjson,/hot/data/github_daily/2020-10-15.json,./local-exp/c++-baseline/github/cjson/output/part_9.csv,48.7057,3.28433,155.060256,2963694,62354
cjson,/hot/data/github_daily/2021-10-15.json,./local-exp/c++-baseline/github/cjson/output/part_10.csv,14.7981,0.986856,155.060256,1078139,21313
mode,input_path,output_path,time_in_s,loading_time_in_s,total_time_in_s,input_row_count,output_row_count
cjson,/hot/data/github_daily/2011-10-15.json,./local-exp/c++-baseline/github/cjson/output/part_0.csv,0.376812,0.0261278,153.398671,48899,1418
cjson,/hot/data/github_daily/2012-10-15.json,./local-exp/c++-baseline/github/cjson/output/part_1.csv,1.30549,0.0689719,153.398671,165692,5907
cjson,/hot/data/github_daily/2013-10-15.json,./local-exp/c++-baseline/github/cjson/output/part_2.csv,2.71059,0.164375,153.398671,296456,10628
cjson,/hot/data/github_daily/2014-10-15.json,./local-exp/c++-baseline/github/cjson/output/part_3.csv,10.2569,0.752743,153.398671,476393,16014
cjson,/hot/data/github_daily/2015-10-15.json,./local-exp/c++-baseline/github/cjson/output/part_4.csv,8.92038,0.595711,153.398671,737714,25301
cjson,/hot/data/github_daily/2016-10-15.json,./local-exp/c++-baseline/github/cjson/output/part_5.csv,6.91813,0.473927,153.398671,678134,19412
cjson,/hot/data/github_daily/2017-10-15.json,./local-exp/c++-baseline/github/cjson/output/part_6.csv,9.41868,0.624036,153.398671,910100,26107
cjson,/hot/data/github_daily/2018-10-15.json,./local-exp/c++-baseline/github/cjson/output/part_7.csv,20.0731,1.32761,153.398671,1522655,44404
cjson,/hot/data/github_daily/2019-10-15.json,./local-exp/c++-baseline/github/cjson/output/part_8.csv,30.8939,2.08715,153.398671,2134789,61337
cjson,/hot/data/github_daily/2020-10-15.json,./local-exp/c++-baseline/github/cjson/output/part_9.csv,47.9954,3.28468,153.398671,2963694,62354
cjson,/hot/data/github_daily/2021-10-15.json,./local-exp/c++-baseline/github/cjson/output/part_10.csv,14.529,0.989129,153.398671,1078139,21313
mode,input_path,output_path,time_in_s,loading_time_in_s,total_time_in_s,input_row_count,output_row_count
cjson,/hot/data/github_daily/2011-10-15.json,./local-exp/c++-baseline/github/cjson/output/part_0.csv,0.379417,0.0262247,154.134704,48899,1418
cjson,/hot/data/github_daily/2012-10-15.json,./local-exp/c++-baseline/github/cjson/output/part_1.csv,1.30197,0.0692966,154.134704,165692,5907
cjson,/hot/data/github_daily/2013-10-15.json,./local-exp/c++-baseline/github/cjson/output/part_2.csv,2.70744,0.165459,154.134704,296456,10628
cjson,/hot/data/github_daily/2014-10-15.json,./local-exp/c++-baseline/github/cjson/output/part_3.csv,10.2321,0.753334,154.134704,476393,16014
cjson,/hot/data/github_daily/2015-10-15.json,./local-exp/c++-baseline/github/cjson/output/part_4.csv,8.92008,0.597746,154.134704,737714,25301
cjson,/hot/data/github_daily/2016-10-15.json,./local-exp/c++-baseline/github/cjson/output/part_5.csv,6.92028,0.475712,154.134704,678134,19412
cjson,/hot/data/github_daily/2017-10-15.json,./local-exp/c++-baseline/github/cjson/output/part_6.csv,9.47974,0.628514,154.134704,910100,26107
cjson,/hot/data/github_daily/2018-10-15.json,./local-exp/c++-baseline/github/cjson/output/part_7.csv,20.0944,1.33238,154.134704,1522655,44404
cjson,/hot/data/github_daily/2019-10-15.json,./local-exp/c++-baseline/github/cjson/output/part_8.csv,31.226,2.09932,154.134704,2134789,61337
cjson,/hot/data/github_daily/2020-10-15.json,./local-exp/c++-baseline/github/cjson/output/part_9.csv,48.2953,3.29633,154.134704,2963694,62354
cjson,/hot/data/github_daily/2021-10-15.json,./local-exp/c++-baseline/github/cjson/output/part_10.csv,14.5777,0.989181,154.134704,1078139,21313
mode,input_path,output_path,time_in_s,loading_time_in_s,total_time_in_s,input_row_count,output_row_count
cjson,/hot/data/github_daily/2011-10-15.json,./local-exp/c++-baseline/github/cjson/output/part_0.csv,0.376938,0.0262024,154.196579,48899,1418
cjson,/hot/data/github_daily/2012-10-15.json,./local-exp/c++-baseline/github/cjson/output/part_1.csv,1.30686,0.0692864,154.196579,165692,5907
cjson,/hot/data/github_daily/2013-10-15.json,./local-exp/c++-baseline/github/cjson/output/part_2.csv,2.72662,0.164835,154.196579,296456,10628
cjson,/hot/data/github_daily/2014-10-15.json,./local-exp/c++-baseline/github/cjson/output/part_3.csv,10.1723,0.757614,154.196579,476393,16014
cjson,/hot/data/github_daily/2015-10-15.json,./local-exp/c++-baseline/github/cjson/output/part_4.csv,8.93287,0.602829,154.196579,737714,25301
cjson,/hot/data/github_daily/2016-10-15.json,./local-exp/c++-baseline/github/cjson/output/part_5.csv,6.96183,0.475131,154.196579,678134,19412
cjson,/hot/data/github_daily/2017-10-15.json,./local-exp/c++-baseline/github/cjson/output/part_6.csv,9.43903,0.626915,154.196579,910100,26107
cjson,/hot/data/github_daily/2018-10-15.json,./local-exp/c++-baseline/github/cjson/output/part_7.csv,20.1123,1.33558,154.196579,1522655,44404
cjson,/hot/data/github_daily/2019-10-15.json,./local-exp/c++-baseline/github/cjson/output/part_8.csv,31.1545,2.10252,154.196579,2134789,61337
cjson,/hot/data/github_daily/2020-10-15.json,./local-exp/c++-baseline/github/cjson/output/part_9.csv,48.3685,3.30586,154.196579,2963694,62354
cjson,/hot/data/github_daily/2021-10-15.json,./local-exp/c++-baseline/github/cjson/output/part_10.csv,14.6445,0.995808,154.196579,1078139,21313
mode,input_path,output_path,time_in_s,loading_time_in_s,total_time_in_s,input_row_count,output_row_count
cjson,/hot/data/github_daily/2011-10-15.json,./local-exp/c++-baseline/github/cjson/output/part_0.csv,0.378945,0.0262478,154.483449,48899,1418
cjson,/hot/data/github_daily/2012-10-15.json,./local-exp/c++-baseline/github/cjson/output/part_1.csv,1.29897,0.0693341,154.483449,165692,5907
cjson,/hot/data/github_daily/2013-10-15.json,./local-exp/c++-baseline/github/cjson/output/part_2.csv,2.69983,0.164288,154.483449,296456,10628
cjson,/hot/data/github_daily/2014-10-15.json,./local-exp/c++-baseline/github/cjson/output/part_3.csv,10.2215,0.751989,154.483449,476393,16014
cjson,/hot/data/github_daily/2015-10-15.json,./local-exp/c++-baseline/github/cjson/output/part_4.csv,8.91986,0.597874,154.483449,737714,25301
cjson,/hot/data/github_daily/2016-10-15.json,./local-exp/c++-baseline/github/cjson/output/part_5.csv,6.90771,0.474019,154.483449,678134,19412
cjson,/hot/data/github_daily/2017-10-15.json,./local-exp/c++-baseline/github/cjson/output/part_6.csv,9.47704,0.625365,154.483449,910100,26107
cjson,/hot/data/github_daily/2018-10-15.json,./local-exp/c++-baseline/github/cjson/output/part_7.csv,20.1752,1.32895,154.483449,1522655,44404
cjson,/hot/data/github_daily/2019-10-15.json,./local-exp/c++-baseline/github/cjson/output/part_8.csv,31.2478,2.0958,154.483449,2134789,61337
cjson,/hot/data/github_daily/2020-10-15.json,./local-exp/c++-baseline/github/cjson/output/part_9.csv,48.5735,3.28295,154.483449,2963694,62354
cjson,/hot/data/github_daily/2021-10-15.json,./local-exp/c++-baseline/github/cjson/output/part_10.csv,14.5827,0.989654,154.483449,1078139,21313
