mode,input_path,output_path,time_in_s,loading_time_in_s,total_time_in_s,input_row_count,output_row_count
cstruct,/hot/data/github_daily/2011-10-15.json,./local-exp/c++-baseline/github/cstruct/output/part_0.csv,0.0896125,0.026226,29.060187,48899,1418
cstruct,/hot/data/github_daily/2012-10-15.json,./local-exp/c++-baseline/github/cstruct/output/part_1.csv,0.245642,0.069703,29.060187,165692,5907
cstruct,/hot/data/github_daily/2013-10-15.json,./local-exp/c++-baseline/github/cstruct/output/part_2.csv,0.499913,0.164533,29.060187,296456,10628
cstruct,/hot/data/github_daily/2014-10-15.json,./local-exp/c++-baseline/github/cstruct/output/part_3.csv,1.78986,0.756147,29.060187,476393,16014
cstruct,/hot/data/github_daily/2015-10-15.json,./local-exp/c++-baseline/github/cstruct/output/part_4.csv,1.82971,0.599426,29.060187,737714,25301
cstruct,/hot/data/github_daily/2016-10-15.json,./local-exp/c++-baseline/github/cstruct/output/part_5.csv,1.46489,0.476491,29.060187,678134,19412
cstruct,/hot/data/github_daily/2017-10-15.json,./local-exp/c++-baseline/github/cstruct/output/part_6.csv,1.98383,0.629131,29.060187,910100,26107
cstruct,/hot/data/github_daily/2018-10-15.json,./local-exp/c++-baseline/github/cstruct/output/part_7.csv,3.91692,1.33587,29.060187,1522655,44404
cstruct,/hot/data/github_daily/2019-10-15.json,./local-exp/c++-baseline/github/cstruct/output/part_8.csv,5.76918,2.10962,29.060187,2134789,61337
cstruct,/hot/data/github_daily/2020-10-15.json,./local-exp/c++-baseline/github/cstruct/output/part_9.csv,8.52494,3.31602,29.060187,2963694,62354
cstruct,/hot/data/github_daily/2021-10-15.json,./local-exp/c++-baseline/github/cstruct/output/part_10.csv,2.94539,0.998275,29.060187,1078139,21313
mode,input_path,output_path,time_in_s,loading_time_in_s,total_time_in_s,input_row_count,output_row_count
cstruct,/hot/data/github_daily/2011-10-15.json,./local-exp/c++-baseline/github/cstruct/output/part_0.csv,0.0893651,0.0261905,28.561230,48899,1418
cstruct,/hot/data/github_daily/2012-10-15.json,./local-exp/c++-baseline/github/cstruct/output/part_1.csv,0.243212,0.0689571,28.561230,165692,5907
cstruct,/hot/data/github_daily/2013-10-15.json,./local-exp/c++-baseline/github/cstruct/output/part_2.csv,0.495904,0.164266,28.561230,296456,10628
cstruct,/hot/data/github_daily/2014-10-15.json,./local-exp/c++-baseline/github/cstruct/output/part_3.csv,1.78544,0.753533,28.561230,476393,16014
cstruct,/hot/data/github_daily/2015-10-15.json,./local-exp/c++-baseline/github/cstruct/output/part_4.csv,1.80897,0.598932,28.561230,737714,25301
cstruct,/hot/data/github_daily/2016-10-15.json,./local-exp/c++-baseline/github/cstruct/output/part_5.csv,1.47387,0.474717,28.561230,678134,19412
cstruct,/hot/data/github_daily/2017-10-15.json,./local-exp/c++-baseline/github/cstruct/output/part_6.csv,1.93599,0.631414,28.561230,910100,26107
cstruct,/hot/data/github_daily/2018-10-15.json,./local-exp/c++-baseline/github/cstruct/output/part_7.csv,3.89389,1.33141,28.561230,1522655,44404
cstruct,/hot/data/github_daily/2019-10-15.json,./local-exp/c++-baseline/github/cstruct/output/part_8.csv,5.52083,2.09033,28.561230,2134789,61337
cstruct,/hot/data/github_daily/2020-10-15.json,./local-exp/c++-baseline/github/cstruct/output/part_9.csv,8.44788,3.28255,28.561230,2963694,62354
cstruct,/hot/data/github_daily/2021-10-15.json,./local-exp/c++-baseline/github/cstruct/output/part_10.csv,2.86564,0.993764,28.561230,1078139,21313
mode,input_path,output_path,time_in_s,loading_time_in_s,total_time_in_s,input_row_count,output_row_count
cstruct,/hot/data/github_daily/2011-10-15.json,./local-exp/c++-baseline/github/cstruct/output/part_0.csv,0.0894431,0.0261311,28.563091,48899,1418
cstruct,/hot/data/github_daily/2012-10-15.json,./local-exp/c++-baseline/github/cstruct/output/part_1.csv,0.244129,0.069055,28.563091,165692,5907
cstruct,/hot/data/github_daily/2013-10-15.json,./local-exp/c++-baseline/github/cstruct/output/part_2.csv,0.499134,0.165494,28.563091,296456,10628
cstruct,/hot/data/github_daily/2014-10-15.json,./local-exp/c++-baseline/github/cstruct/output/part_3.csv,1.82375,0.751095,28.563091,476393,16014
cstruct,/hot/data/github_daily/2015-10-15.json,./local-exp/c++-baseline/github/cstruct/output/part_4.csv,1.81354,0.59685,28.563091,737714,25301
cstruct,/hot/data/github_daily/2016-10-15.json,./local-exp/c++-baseline/github/cstruct/output/part_5.csv,1.45553,0.474217,28.563091,678134,19412
cstruct,/hot/data/github_daily/2017-10-15.json,./local-exp/c++-baseline/github/cstruct/output/part_6.csv,1.92592,0.624698,28.563091,910100,26107
cstruct,/hot/data/github_daily/2018-10-15.json,./local-exp/c++-baseline/github/cstruct/output/part_7.csv,3.88983,1.33319,28.563091,1522655,44404
cstruct,/hot/data/github_daily/2019-10-15.json,./local-exp/c++-baseline/github/cstruct/output/part_8.csv,5.51627,2.08753,28.563091,2134789,61337
cstruct,/hot/data/github_daily/2020-10-15.json,./local-exp/c++-baseline/github/cstruct/output/part_9.csv,8.43954,3.29641,28.563091,2963694,62354
cstruct,/hot/data/github_daily/2021-10-15.json,./local-exp/c++-baseline/github/cstruct/output/part_10.csv,2.86576,0.987882,28.563091,1078139,21313
mode,input_path,output_path,time_in_s,loading_time_in_s,total_time_in_s,input_row_count,output_row_count
cstruct,/hot/data/github_daily/2011-10-15.json,./local-exp/c++-baseline/github/cstruct/output/part_0.csv,0.0896596,0.0262637,28.773681,48899,1418
cstruct,/hot/data/github_daily/2012-10-15.json,./local-exp/c++-baseline/github/cstruct/output/part_1.csv,0.245313,0.0695145,28.773681,165692,5907
cstruct,/hot/data/github_daily/2013-10-15.json,./local-exp/c++-baseline/github/cstruct/output/part_2.csv,0.502101,0.165166,28.773681,296456,10628
cstruct,/hot/data/github_daily/2014-10-15.json,./local-exp/c++-baseline/github/cstruct/output/part_3.csv,1.80366,0.75271,28.773681,476393,16014
cstruct,/hot/data/github_daily/2015-10-15.json,./local-exp/c++-baseline/github/cstruct/output/part_4.csv,1.83179,0.596267,28.773681,737714,25301
cstruct,/hot/data/github_daily/2016-10-15.json,./local-exp/c++-baseline/github/cstruct/output/part_5.csv,1.46843,0.474308,28.773681,678134,19412
cstruct,/hot/data/github_daily/2017-10-15.json,./local-exp/c++-baseline/github/cstruct/output/part_6.csv,1.93665,0.625408,28.773681,910100,26107
cstruct,/hot/data/github_daily/2018-10-15.json,./local-exp/c++-baseline/github/cstruct/output/part_7.csv,3.90464,1.32752,28.773681,1522655,44404
cstruct,/hot/data/github_daily/2019-10-15.json,./local-exp/c++-baseline/github/cstruct/output/part_8.csv,5.55373,2.09521,28.773681,2134789,61337
cstruct,/hot/data/github_daily/2020-10-15.json,./local-exp/c++-baseline/github/cstruct/output/part_9.csv,8.51456,3.28225,28.773681,2963694,62354
cstruct,/hot/data/github_daily/2021-10-15.json,./local-exp/c++-baseline/github/cstruct/output/part_10.csv,2.92289,0.990863,28.773681,1078139,21313
mode,input_path,output_path,time_in_s,loading_time_in_s,total_time_in_s,input_row_count,output_row_count
cstruct,/hot/data/github_daily/2011-10-15.json,./local-exp/c++-baseline/github/cstruct/output/part_0.csv,0.0901217,0.0262558,28.765349,48899,1418
cstruct,/hot/data/github_daily/2012-10-15.json,./local-exp/c++-baseline/github/cstruct/output/part_1.csv,0.246763,0.0692698,28.765349,165692,5907
cstruct,/hot/data/github_daily/2013-10-15.json,./local-exp/c++-baseline/github/cstruct/output/part_2.csv,0.502017,0.164474,28.765349,296456,10628
cstruct,/hot/data/github_daily/2014-10-15.json,./local-exp/c++-baseline/github/cstruct/output/part_3.csv,1.79962,0.755464,28.765349,476393,16014
cstruct,/hot/data/github_daily/2015-10-15.json,./local-exp/c++-baseline/github/cstruct/output/part_4.csv,1.82696,0.599652,28.765349,737714,25301
cstruct,/hot/data/github_daily/2016-10-15.json,./local-exp/c++-baseline/github/cstruct/output/part_5.csv,1.47236,0.474953,28.765349,678134,19412
cstruct,/hot/data/github_daily/2017-10-15.json,./local-exp/c++-baseline/github/cstruct/output/part_6.csv,1.93068,0.626831,28.765349,910100,26107
cstruct,/hot/data/github_daily/2018-10-15.json,./local-exp/c++-baseline/github/cstruct/output/part_7.csv,3.91434,1.33733,28.765349,1522655,44404
cstruct,/hot/data/github_daily/2019-10-15.json,./local-exp/c++-baseline/github/cstruct/output/part_8.csv,5.58421,2.10787,28.765349,2134789,61337
cstruct,/hot/data/github_daily/2020-10-15.json,./local-exp/c++-baseline/github/cstruct/output/part_9.csv,8.50632,3.31735,28.765349,2963694,62354
cstruct,/hot/data/github_daily/2021-10-15.json,./local-exp/c++-baseline/github/cstruct/output/part_10.csv,2.89173,0.992474,28.765349,1078139,21313
mode,input_path,output_path,time_in_s,loading_time_in_s,total_time_in_s,input_row_count,output_row_count
cstruct,/hot/data/github_daily/2011-10-15.json,./local-exp/c++-baseline/github/cstruct/output/part_0.csv,0.0897723,0.0262785,28.842088,48899,1418
cstruct,/hot/data/github_daily/2012-10-15.json,./local-exp/c++-baseline/github/cstruct/output/part_1.csv,0.244916,0.0693905,28.842088,165692,5907
cstruct,/hot/data/github_daily/2013-10-15.json,./local-exp/c++-baseline/github/cstruct/output/part_2.csv,0.502159,0.165689,28.842088,296456,10628
cstruct,/hot/data/github_daily/2014-10-15.json,./local-exp/c++-baseline/github/cstruct/output/part_3.csv,1.79038,0.755751,28.842088,476393,16014
cstruct,/hot/data/github_daily/2015-10-15.json,./local-exp/c++-baseline/github/cstruct/output/part_4.csv,1.8208,0.598708,28.842088,737714,25301
cstruct,/hot/data/github_daily/2016-10-15.json,./local-exp/c++-baseline/github/cstruct/output/part_5.csv,1.47526,0.475055,28.842088,678134,19412
cstruct,/hot/data/github_daily/2017-10-15.json,./local-exp/c++-baseline/github/cstruct/output/part_6.csv,1.96458,0.62767,28.842088,910100,26107
cstruct,/hot/data/github_daily/2018-10-15.json,./local-exp/c++-baseline/github/cstruct/output/part_7.csv,3.88158,1.34034,28.842088,1522655,44404
cstruct,/hot/data/github_daily/2019-10-15.json,./local-exp/c++-baseline/github/cstruct/output/part_8.csv,5.66097,2.10418,28.842088,2134789,61337
cstruct,/hot/data/github_daily/2020-10-15.json,./local-exp/c++-baseline/github/cstruct/output/part_9.csv,8.47917,3.30927,28.842088,2963694,62354
cstruct,/hot/data/github_daily/2021-10-15.json,./local-exp/c++-baseline/github/cstruct/output/part_10.csv,2.93226,0.992383,28.842088,1078139,21313
