mode,input_path,output_path,time_in_s,loading_time_in_s,total_time_in_s,input_row_count,output_row_count
tuplex-c++-sparse,/hot/data/github_daily/2011-10-15.json:0-78478920,,0.150425,,,15.550001,48899,1418
tuplex-c++-sparse,/hot/data/github_daily/2012-10-15.json:0-213794112,,0.224085,,,15.550001,165692,5907
tuplex-c++-sparse,/hot/data/github_daily/2013-10-15.json:0-533607666,,0.347632,,,15.550001,296456,10628
tuplex-c++-sparse,/hot/data/github_daily/2014-10-15.json:0-2656017942,,0.814663,,,15.550001,476393,16014
tuplex-c++-sparse,/hot/data/github_daily/2015-10-15.json:0-2102880576,,0.937764,,,15.550001,737714,25301
tuplex-c++-sparse,/hot/data/github_daily/2016-10-15.json:0-1611649363,,0.799627,,,15.550001,678134,19412
tuplex-c++-sparse,/hot/data/github_daily/2017-10-15.json:0-2204545177,,1.03375,,,15.550001,910100,26107
tuplex-c++-sparse,/hot/data/github_daily/2018-10-15.json:0-4857228670,,1.96661,,,15.550001,1522655,44404
tuplex-c++-sparse,/hot/data/github_daily/2019-10-15.json:0-7798708474,,2.91511,,,15.550001,2134789,61337
tuplex-c++-sparse,/hot/data/github_daily/2020-10-15.json:0-12445448390,,4.52066,,,15.550001,2963694,62354
tuplex-c++-sparse,/hot/data/github_daily/2021-10-15.json:0-3573656628,,1.49795,,,15.550001,1078139,21313
mode,input_path,output_path,time_in_s,loading_time_in_s,total_time_in_s,input_row_count,output_row_count
tuplex-c++-sparse,/hot/data/github_daily/2011-10-15.json:0-78478920,,0.155075,,,15.806477,48899,1418
tuplex-c++-sparse,/hot/data/github_daily/2012-10-15.json:0-213794112,,0.233432,,,15.806477,165692,5907
tuplex-c++-sparse,/hot/data/github_daily/2013-10-15.json:0-533607666,,0.328598,,,15.806477,296456,10628
tuplex-c++-sparse,/hot/data/github_daily/2014-10-15.json:0-2656017942,,0.826425,,,15.806477,476393,16014
tuplex-c++-sparse,/hot/data/github_daily/2015-10-15.json:0-2102880576,,0.963563,,,15.806477,737714,25301
tuplex-c++-sparse,/hot/data/github_daily/2016-10-15.json:0-1611649363,,0.803446,,,15.806477,678134,19412
tuplex-c++-sparse,/hot/data/github_daily/2017-10-15.json:0-2204545177,,1.05647,,,15.806477,910100,26107
tuplex-c++-sparse,/hot/data/github_daily/2018-10-15.json:0-4857228670,,2.00467,,,15.806477,1522655,44404
tuplex-c++-sparse,/hot/data/github_daily/2019-10-15.json:0-7798708474,,3.0248,,,15.806477,2134789,61337
tuplex-c++-sparse,/hot/data/github_daily/2020-10-15.json:0-12445448390,,4.5317,,,15.806477,2963694,62354
tuplex-c++-sparse,/hot/data/github_daily/2021-10-15.json:0-3573656628,,1.53404,,,15.806477,1078139,21313
mode,input_path,output_path,time_in_s,loading_time_in_s,total_time_in_s,input_row_count,output_row_count
tuplex-c++-sparse,/hot/data/github_daily/2011-10-15.json:0-78478920,,0.153865,,,15.627323,48899,1418
tuplex-c++-sparse,/hot/data/github_daily/2012-10-15.json:0-213794112,,0.229037,,,15.627323,165692,5907
tuplex-c++-sparse,/hot/data/github_daily/2013-10-15.json:0-533607666,,0.321424,,,15.627323,296456,10628
tuplex-c++-sparse,/hot/data/github_daily/2014-10-15.json:0-2656017942,,0.835142,,,15.627323,476393,16014
tuplex-c++-sparse,/hot/data/github_daily/2015-10-15.json:0-2102880576,,0.949733,,,15.627323,737714,25301
tuplex-c++-sparse,/hot/data/github_daily/2016-10-15.json:0-1611649363,,0.808622,,,15.627323,678134,19412
tuplex-c++-sparse,/hot/data/github_daily/2017-10-15.json:0-2204545177,,1.0545,,,15.627323,910100,26107
tuplex-c++-sparse,/hot/data/github_daily/2018-10-15.json:0-4857228670,,2.00658,,,15.627323,1522655,44404
tuplex-c++-sparse,/hot/data/github_daily/2019-10-15.json:0-7798708474,,2.97701,,,15.627323,2134789,61337
tuplex-c++-sparse,/hot/data/github_daily/2020-10-15.json:0-12445448390,,4.44703,,,15.627323,2963694,62354
tuplex-c++-sparse,/hot/data/github_daily/2021-10-15.json:0-3573656628,,1.49555,,,15.627323,1078139,21313
mode,input_path,output_path,time_in_s,loading_time_in_s,total_time_in_s,input_row_count,output_row_count
tuplex-c++-sparse,/hot/data/github_daily/2011-10-15.json:0-78478920,,0.153432,,,15.736981,48899,1418
tuplex-c++-sparse,/hot/data/github_daily/2012-10-15.json:0-213794112,,0.230877,,,15.736981,165692,5907
tuplex-c++-sparse,/hot/data/github_daily/2013-10-15.json:0-533607666,,0.328218,,,15.736981,296456,10628
tuplex-c++-sparse,/hot/data/github_daily/2014-10-15.json:0-2656017942,,0.836144,,,15.736981,476393,16014
tuplex-c++-sparse,/hot/data/github_daily/2015-10-15.json:0-2102880576,,0.964027,,,15.736981,737714,25301
tuplex-c++-sparse,/hot/data/github_daily/2016-10-15.json:0-1611649363,,0.814161,,,15.736981,678134,19412
tuplex-c++-sparse,/hot/data/github_daily/2017-10-15.json:0-2204545177,,1.05909,,,15.736981,910100,26107
tuplex-c++-sparse,/hot/data/github_daily/2018-10-15.json:0-4857228670,,2.01053,,,15.736981,1522655,44404
tuplex-c++-sparse,/hot/data/github_daily/2019-10-15.json:0-7798708474,,3.01565,,,15.736981,2134789,61337
tuplex-c++-sparse,/hot/data/github_daily/2020-10-15.json:0-12445448390,,4.47328,,,15.736981,2963694,62354
tuplex-c++-sparse,/hot/data/github_daily/2021-10-15.json:0-3573656628,,1.50141,,,15.736981,1078139,21313
mode,input_path,output_path,time_in_s,loading_time_in_s,total_time_in_s,input_row_count,output_row_count
tuplex-c++-sparse,/hot/data/github_daily/2011-10-15.json:0-78478920,,0.154497,,,15.686978,48899,1418
tuplex-c++-sparse,/hot/data/github_daily/2012-10-15.json:0-213794112,,0.23023,,,15.686978,165692,5907
tuplex-c++-sparse,/hot/data/github_daily/2013-10-15.json:0-533607666,,0.326998,,,15.686978,296456,10628
tuplex-c++-sparse,/hot/data/github_daily/2014-10-15.json:0-2656017942,,0.820435,,,15.686978,476393,16014
tuplex-c++-sparse,/hot/data/github_daily/2015-10-15.json:0-2102880576,,0.972553,,,15.686978,737714,25301
tuplex-c++-sparse,/hot/data/github_daily/2016-10-15.json:0-1611649363,,0.814155,,,15.686978,678134,19412
tuplex-c++-sparse,/hot/data/github_daily/2017-10-15.json:0-2204545177,,1.05114,,,15.686978,910100,26107
tuplex-c++-sparse,/hot/data/github_daily/2018-10-15.json:0-4857228670,,2.0061,,,15.686978,1522655,44404
tuplex-c++-sparse,/hot/data/github_daily/2019-10-15.json:0-7798708474,,2.96428,,,15.686978,2134789,61337
tuplex-c++-sparse,/hot/data/github_daily/2020-10-15.json:0-12445448390,,4.5107,,,15.686978,2963694,62354
tuplex-c++-sparse,/hot/data/github_daily/2021-10-15.json:0-3573656628,,1.48819,,,15.686978,1078139,21313
mode,input_path,output_path,time_in_s,loading_time_in_s,total_time_in_s,input_row_count,output_row_count
tuplex-c++-sparse,/hot/data/github_daily/2011-10-15.json:0-78478920,,0.153474,,,15.631210,48899,1418
tuplex-c++-sparse,/hot/data/github_daily/2012-10-15.json:0-213794112,,0.230399,,,15.631210,165692,5907
tuplex-c++-sparse,/hot/data/github_daily/2013-10-15.json:0-533607666,,0.326676,,,15.631210,296456,10628
tuplex-c++-sparse,/hot/data/github_daily/2014-10-15.json:0-2656017942,,0.823547,,,15.631210,476393,16014
tuplex-c++-sparse,/hot/data/github_daily/2015-10-15.json:0-2102880576,,0.946014,,,15.631210,737714,25301
tuplex-c++-sparse,/hot/data/github_daily/2016-10-15.json:0-1611649363,,0.814457,,,15.631210,678134,19412
tuplex-c++-sparse,/hot/data/github_daily/2017-10-15.json:0-2204545177,,1.0585,,,15.631210,910100,26107
tuplex-c++-sparse,/hot/data/github_daily/2018-10-15.json:0-4857228670,,2.03944,,,15.631210,1522655,44404
tuplex-c++-sparse,/hot/data/github_daily/2019-10-15.json:0-7798708474,,2.96777,,,15.631210,2134789,61337
tuplex-c++-sparse,/hot/data/github_daily/2020-10-15.json:0-12445448390,,4.44237,,,15.631210,2963694,62354
tuplex-c++-sparse,/hot/data/github_daily/2021-10-15.json:0-3573656628,,1.47854,,,15.631210,1078139,21313
