mode,input_path,output_path,time_in_s,loading_time_in_s,total_time_in_s,input_row_count,output_row_count
yyjson,/hot/data/github_daily/2011-10-15.json,./local-exp/c++-baseline/github/yyjson/output/part_0.csv,0.202394,0.0263007,75.389930,48899,1418
yyjson,/hot/data/github_daily/2012-10-15.json,./local-exp/c++-baseline/github/yyjson/output/part_1.csv,0.704348,0.069709,75.389930,165692,5907
yyjson,/hot/data/github_daily/2013-10-15.json,./local-exp/c++-baseline/github/yyjson/output/part_2.csv,1.36852,0.166479,75.389930,296456,10628
yyjson,/hot/data/github_daily/2014-10-15.json,./local-exp/c++-baseline/github/yyjson/output/part_3.csv,4.90384,0.756797,75.389930,476393,16014
yyjson,/hot/data/github_daily/2015-10-15.json,./local-exp/c++-baseline/github/yyjson/output/part_4.csv,4.46158,0.601717,75.389930,737714,25301
yyjson,/hot/data/github_daily/2016-10-15.json,./local-exp/c++-baseline/github/yyjson/output/part_5.csv,3.51323,0.476445,75.389930,678134,19412
yyjson,/hot/data/github_daily/2017-10-15.json,./local-exp/c++-baseline/github/yyjson/output/part_6.csv,4.75955,0.631267,75.389930,910100,26107
yyjson,/hot/data/github_daily/2018-10-15.json,./local-exp/c++-baseline/github/yyjson/output/part_7.csv,9.88575,1.33899,75.389930,1522655,44404
yyjson,/hot/data/github_daily/2019-10-15.json,./local-exp/c++-baseline/github/yyjson/output/part_8.csv,15.073,2.10776,75.389930,2134789,61337
yyjson,/hot/data/github_daily/2020-10-15.json,./local-exp/c++-baseline/github/yyjson/output/part_9.csv,23.2247,3.30911,75.389930,2963694,62354
yyjson,/hot/data/github_daily/2021-10-15.json,./local-exp/c++-baseline/github/yyjson/output/part_10.csv,7.29269,0.998232,75.389930,1078139,21313
mode,input_path,output_path,time_in_s,loading_time_in_s,total_time_in_s,input_row_count,output_row_count
yyjson,/hot/data/github_daily/2011-10-15.json,./local-exp/c++-baseline/github/yyjson/output/part_0.csv,0.197942,0.0261158,74.060293,48899,1418
yyjson,/hot/data/github_daily/2012-10-15.json,./local-exp/c++-baseline/github/yyjson/output/part_1.csv,0.687414,0.0690565,74.060293,165692,5907
yyjson,/hot/data/github_daily/2013-10-15.json,./local-exp/c++-baseline/github/yyjson/output/part_2.csv,1.33042,0.165146,74.060293,296456,10628
yyjson,/hot/data/github_daily/2014-10-15.json,./local-exp/c++-baseline/github/yyjson/output/part_3.csv,4.73946,0.752546,74.060293,476393,16014
yyjson,/hot/data/github_daily/2015-10-15.json,./local-exp/c++-baseline/github/yyjson/output/part_4.csv,4.38165,0.597338,74.060293,737714,25301
yyjson,/hot/data/github_daily/2016-10-15.json,./local-exp/c++-baseline/github/yyjson/output/part_5.csv,3.44074,0.473457,74.060293,678134,19412
yyjson,/hot/data/github_daily/2017-10-15.json,./local-exp/c++-baseline/github/yyjson/output/part_6.csv,4.63727,0.623366,74.060293,910100,26107
yyjson,/hot/data/github_daily/2018-10-15.json,./local-exp/c++-baseline/github/yyjson/output/part_7.csv,9.72342,1.33255,74.060293,1522655,44404
yyjson,/hot/data/github_daily/2019-10-15.json,./local-exp/c++-baseline/github/yyjson/output/part_8.csv,14.8222,2.0926,74.060293,2134789,61337
yyjson,/hot/data/github_daily/2020-10-15.json,./local-exp/c++-baseline/github/yyjson/output/part_9.csv,22.9231,3.29488,74.060293,2963694,62354
yyjson,/hot/data/github_daily/2021-10-15.json,./local-exp/c++-baseline/github/yyjson/output/part_10.csv,7.17644,0.989412,74.060293,1078139,21313
mode,input_path,output_path,time_in_s,loading_time_in_s,total_time_in_s,input_row_count,output_row_count
yyjson,/hot/data/github_daily/2011-10-15.json,./local-exp/c++-baseline/github/yyjson/output/part_0.csv,0.200451,0.0260902,77.173408,48899,1418
yyjson,/hot/data/github_daily/2012-10-15.json,./local-exp/c++-baseline/github/yyjson/output/part_1.csv,0.695586,0.069182,77.173408,165692,5907
yyjson,/hot/data/github_daily/2013-10-15.json,./local-exp/c++-baseline/github/yyjson/output/part_2.csv,1.35653,0.165022,77.173408,296456,10628
yyjson,/hot/data/github_daily/2014-10-15.json,./local-exp/c++-baseline/github/yyjson/output/part_3.csv,4.83731,0.751503,77.173408,476393,16014
yyjson,/hot/data/github_daily/2015-10-15.json,./local-exp/c++-baseline/github/yyjson/output/part_4.csv,4.41623,0.597174,77.173408,737714,25301
yyjson,/hot/data/github_daily/2016-10-15.json,./local-exp/c++-baseline/github/yyjson/output/part_5.csv,3.47,0.47374,77.173408,678134,19412
yyjson,/hot/data/github_daily/2017-10-15.json,./local-exp/c++-baseline/github/yyjson/output/part_6.csv,4.75068,0.625626,77.173408,910100,26107
yyjson,/hot/data/github_daily/2018-10-15.json,./local-exp/c++-baseline/github/yyjson/output/part_7.csv,10.1315,1.33049,77.173408,1522655,44404
yyjson,/hot/data/github_daily/2019-10-15.json,./local-exp/c++-baseline/github/yyjson/output/part_8.csv,15.686,2.18808,77.173408,2134789,61337
yyjson,/hot/data/github_daily/2020-10-15.json,./local-exp/c++-baseline/github/yyjson/output/part_9.csv,24.0647,3.40969,77.173408,2963694,62354
yyjson,/hot/data/github_daily/2021-10-15.json,./local-exp/c++-baseline/github/yyjson/output/part_10.csv,7.56419,1.03405,77.173408,1078139,21313
mode,input_path,output_path,time_in_s,loading_time_in_s,total_time_in_s,input_row_count,output_row_count
yyjson,/hot/data/github_daily/2011-10-15.json,./local-exp/c++-baseline/github/yyjson/output/part_0.csv,0.208787,0.0262333,77.892919,48899,1418
yyjson,/hot/data/github_daily/2012-10-15.json,./local-exp/c++-baseline/github/yyjson/output/part_1.csv,0.72449,0.069198,77.892919,165692,5907
yyjson,/hot/data/github_daily/2013-10-15.json,./local-exp/c++-baseline/github/yyjson/output/part_2.csv,1.40803,0.164877,77.892919,296456,10628
yyjson,/hot/data/github_daily/2014-10-15.json,./local-exp/c++-baseline/github/yyjson/output/part_3.csv,5.0202,0.751723,77.892919,476393,16014
yyjson,/hot/data/github_daily/2015-10-15.json,./local-exp/c++-baseline/github/yyjson/output/part_4.csv,4.58554,0.596448,77.892919,737714,25301
yyjson,/hot/data/github_daily/2016-10-15.json,./local-exp/c++-baseline/github/yyjson/output/part_5.csv,3.61546,0.474204,77.892919,678134,19412
yyjson,/hot/data/github_daily/2017-10-15.json,./local-exp/c++-baseline/github/yyjson/output/part_6.csv,4.87837,0.624967,77.892919,910100,26107
yyjson,/hot/data/github_daily/2018-10-15.json,./local-exp/c++-baseline/github/yyjson/output/part_7.csv,10.2296,1.32857,77.892919,1522655,44404
yyjson,/hot/data/github_daily/2019-10-15.json,./local-exp/c++-baseline/github/yyjson/output/part_8.csv,15.5736,2.09494,77.892919,2134789,61337
yyjson,/hot/data/github_daily/2020-10-15.json,./local-exp/c++-baseline/github/yyjson/output/part_9.csv,24.1379,3.28877,77.892919,2963694,62354
yyjson,/hot/data/github_daily/2021-10-15.json,./local-exp/c++-baseline/github/yyjson/output/part_10.csv,7.51071,0.989226,77.892919,1078139,21313
mode,input_path,output_path,time_in_s,loading_time_in_s,total_time_in_s,input_row_count,output_row_count
yyjson,/hot/data/github_daily/2011-10-15.json,./local-exp/c++-baseline/github/yyjson/output/part_0.csv,0.20143,0.0261995,75.674569,48899,1418
yyjson,/hot/data/github_daily/2012-10-15.json,./local-exp/c++-baseline/github/yyjson/output/part_1.csv,0.697985,0.0692893,75.674569,165692,5907
yyjson,/hot/data/github_daily/2013-10-15.json,./local-exp/c++-baseline/github/yyjson/output/part_2.csv,1.36615,0.164542,75.674569,296456,10628
yyjson,/hot/data/github_daily/2014-10-15.json,./local-exp/c++-baseline/github/yyjson/output/part_3.csv,4.86886,0.752849,75.674569,476393,16014
yyjson,/hot/data/github_daily/2015-10-15.json,./local-exp/c++-baseline/github/yyjson/output/part_4.csv,4.46632,0.597265,75.674569,737714,25301
yyjson,/hot/data/github_daily/2016-10-15.json,./local-exp/c++-baseline/github/yyjson/output/part_5.csv,3.5047,0.475775,75.674569,678134,19412
yyjson,/hot/data/github_daily/2017-10-15.json,./local-exp/c++-baseline/github/yyjson/output/part_6.csv,4.74378,0.625972,75.674569,910100,26107
yyjson,/hot/data/github_daily/2018-10-15.json,./local-exp/c++-baseline/github/yyjson/output/part_7.csv,10.0076,1.3306,75.674569,1522655,44404
yyjson,/hot/data/github_daily/2019-10-15.json,./local-exp/c++-baseline/github/yyjson/output/part_8.csv,15.161,2.09423,75.674569,2134789,61337
yyjson,/hot/data/github_daily/2020-10-15.json,./local-exp/c++-baseline/github/yyjson/output/part_9.csv,23.378,3.28958,75.674569,2963694,62354
yyjson,/hot/data/github_daily/2021-10-15.json,./local-exp/c++-baseline/github/yyjson/output/part_10.csv,7.27863,0.990902,75.674569,1078139,21313
mode,input_path,output_path,time_in_s,loading_time_in_s,total_time_in_s,input_row_count,output_row_count
yyjson,/hot/data/github_daily/2011-10-15.json,./local-exp/c++-baseline/github/yyjson/output/part_0.csv,0.200631,0.0261508,75.626977,48899,1418
yyjson,/hot/data/github_daily/2012-10-15.json,./local-exp/c++-baseline/github/yyjson/output/part_1.csv,0.696559,0.0691096,75.626977,165692,5907
yyjson,/hot/data/github_daily/2013-10-15.json,./local-exp/c++-baseline/github/yyjson/output/part_2.csv,1.35662,0.163866,75.626977,296456,10628
yyjson,/hot/data/github_daily/2014-10-15.json,./local-exp/c++-baseline/github/yyjson/output/part_3.csv,4.93029,0.751621,75.626977,476393,16014
yyjson,/hot/data/github_daily/2015-10-15.json,./local-exp/c++-baseline/github/yyjson/output/part_4.csv,4.47375,0.597333,75.626977,737714,25301
yyjson,/hot/data/github_daily/2016-10-15.json,./local-exp/c++-baseline/github/yyjson/output/part_5.csv,3.53087,0.475368,75.626977,678134,19412
yyjson,/hot/data/github_daily/2017-10-15.json,./local-exp/c++-baseline/github/yyjson/output/part_6.csv,4.74585,0.626006,75.626977,910100,26107
yyjson,/hot/data/github_daily/2018-10-15.json,./local-exp/c++-baseline/github/yyjson/output/part_7.csv,10.0432,1.32674,75.626977,1522655,44404
yyjson,/hot/data/github_daily/2019-10-15.json,./local-exp/c++-baseline/github/yyjson/output/part_8.csv,15.2269,2.09837,75.626977,2134789,61337
yyjson,/hot/data/github_daily/2020-10-15.json,./local-exp/c++-baseline/github/yyjson/output/part_9.csv,23.0719,3.27787,75.626977,2963694,62354
yyjson,/hot/data/github_daily/2021-10-15.json,./local-exp/c++-baseline/github/yyjson/output/part_10.csv,7.35012,0.995692,75.626977,1078139,21313
