mode,input_path,output_path,time_in_s,loading_time_in_s,total_time_in_s,input_row_count,output_row_count
best,/hot/data/github_daily/2011-10-15.json,./local-exp/c++-baseline/github/best/output/part_0.csv,0.0600728,0.0203261,21.773260,48899,1418
best,/hot/data/github_daily/2012-10-15.json,./local-exp/c++-baseline/github/best/output/part_1.csv,0.193989,0.0515725,21.773260,165692,5907
best,/hot/data/github_daily/2013-10-15.json,./local-exp/c++-baseline/github/best/output/part_2.csv,0.411413,0.130098,21.773260,296456,10628
best,/hot/data/github_daily/2014-10-15.json,./local-exp/c++-baseline/github/best/output/part_3.csv,1.54225,0.621012,21.773260,476393,16014
best,/hot/data/github_daily/2015-10-15.json,./local-exp/c++-baseline/github/best/output/part_4.csv,1.38509,0.521614,21.773260,737714,25301
best,/hot/data/github_daily/2016-10-15.json,./local-exp/c++-baseline/github/best/output/part_5.csv,1.07654,0.388251,21.773260,678134,19412
best,/hot/data/github_daily/2017-10-15.json,./local-exp/c++-baseline/github/best/output/part_6.csv,1.46378,0.517213,21.773260,910100,26107
best,/hot/data/github_daily/2018-10-15.json,./local-exp/c++-baseline/github/best/output/part_7.csv,2.91346,1.08353,21.773260,1522655,44404
best,/hot/data/github_daily/2019-10-15.json,./local-exp/c++-baseline/github/best/output/part_8.csv,4.23045,1.67074,21.773260,2134789,61337
best,/hot/data/github_daily/2020-10-15.json,./local-exp/c++-baseline/github/best/output/part_9.csv,6.28542,2.58386,21.773260,2963694,62354
best,/hot/data/github_daily/2021-10-15.json,./local-exp/c++-baseline/github/best/output/part_10.csv,2.20206,0.813466,21.773260,1078139,21313
mode,input_path,output_path,time_in_s,loading_time_in_s,total_time_in_s,input_row_count,output_row_count
best,/hot/data/github_daily/2011-10-15.json,./local-exp/c++-baseline/github/best/output/part_0.csv,0.057776,0.0185644,21.888521,48899,1418
best,/hot/data/github_daily/2012-10-15.json,./local-exp/c++-baseline/github/best/output/part_1.csv,0.187613,0.0487138,21.888521,165692,5907
best,/hot/data/github_daily/2013-10-15.json,./local-exp/c++-baseline/github/best/output/part_2.csv,0.405987,0.125857,21.888521,296456,10628
best,/hot/data/github_daily/2014-10-15.json,./local-exp/c++-baseline/github/best/output/part_3.csv,1.51821,0.613521,21.888521,476393,16014
best,/hot/data/github_daily/2015-10-15.json,./local-exp/c++-baseline/github/best/output/part_4.csv,1.35521,0.502366,21.888521,737714,25301
best,/hot/data/github_daily/2016-10-15.json,./local-exp/c++-baseline/github/best/output/part_5.csv,1.06723,0.384589,21.888521,678134,19412
best,/hot/data/github_daily/2017-10-15.json,./local-exp/c++-baseline/github/best/output/part_6.csv,1.43809,0.512868,21.888521,910100,26107
best,/hot/data/github_daily/2018-10-15.json,./local-exp/c++-baseline/github/best/output/part_7.csv,2.89727,1.07667,21.888521,1522655,44404
best,/hot/data/github_daily/2019-10-15.json,./local-exp/c++-baseline/github/best/output/part_8.csv,4.24827,1.66174,21.888521,2134789,61337
best,/hot/data/github_daily/2020-10-15.json,./local-exp/c++-baseline/github/best/output/part_9.csv,6.46303,2.57112,21.888521,2963694,62354
best,/hot/data/github_daily/2021-10-15.json,./local-exp/c++-baseline/github/best/output/part_10.csv,2.24961,0.825363,21.888521,1078139,21313
mode,input_path,output_path,time_in_s,loading_time_in_s,total_time_in_s,input_row_count,output_row_count
best,/hot/data/github_daily/2011-10-15.json,./local-exp/c++-baseline/github/best/output/part_0.csv,0.060741,0.0200358,22.249946,48899,1418
best,/hot/data/github_daily/2012-10-15.json,./local-exp/c++-baseline/github/best/output/part_1.csv,0.193842,0.0530955,22.249946,165692,5907
best,/hot/data/github_daily/2013-10-15.json,./local-exp/c++-baseline/github/best/output/part_2.csv,0.424269,0.134522,22.249946,296456,10628
best,/hot/data/github_daily/2014-10-15.json,./local-exp/c++-baseline/github/best/output/part_3.csv,1.55607,0.626342,22.249946,476393,16014
best,/hot/data/github_daily/2015-10-15.json,./local-exp/c++-baseline/github/best/output/part_4.csv,1.41022,0.532573,22.249946,737714,25301
best,/hot/data/github_daily/2016-10-15.json,./local-exp/c++-baseline/github/best/output/part_5.csv,1.09518,0.394812,22.249946,678134,19412
best,/hot/data/github_daily/2017-10-15.json,./local-exp/c++-baseline/github/best/output/part_6.csv,1.47849,0.542669,22.249946,910100,26107
best,/hot/data/github_daily/2018-10-15.json,./local-exp/c++-baseline/github/best/output/part_7.csv,2.973,1.11719,22.249946,1522655,44404
best,/hot/data/github_daily/2019-10-15.json,./local-exp/c++-baseline/github/best/output/part_8.csv,4.35599,1.7163,22.249946,2134789,61337
best,/hot/data/github_daily/2020-10-15.json,./local-exp/c++-baseline/github/best/output/part_9.csv,6.4435,2.63812,22.249946,2963694,62354
best,/hot/data/github_daily/2021-10-15.json,./local-exp/c++-baseline/github/best/output/part_10.csv,2.25844,0.827663,22.249946,1078139,21313
mode,input_path,output_path,time_in_s,loading_time_in_s,total_time_in_s,input_row_count,output_row_count
best,/hot/data/github_daily/2011-10-15.json,./local-exp/c++-baseline/github/best/output/part_0.csv,0.0610027,0.0201803,22.295140,48899,1418
best,/hot/data/github_daily/2012-10-15.json,./local-exp/c++-baseline/github/best/output/part_1.csv,0.195644,0.0530074,22.295140,165692,5907
best,/hot/data/github_daily/2013-10-15.json,./local-exp/c++-baseline/github/best/output/part_2.csv,0.416417,0.12953,22.295140,296456,10628
best,/hot/data/github_daily/2014-10-15.json,./local-exp/c++-baseline/github/best/output/part_3.csv,1.57778,0.645842,22.295140,476393,16014
best,/hot/data/github_daily/2015-10-15.json,./local-exp/c++-baseline/github/best/output/part_4.csv,1.39005,0.514669,22.295140,737714,25301
best,/hot/data/github_daily/2016-10-15.json,./local-exp/c++-baseline/github/best/output/part_5.csv,1.1423,0.395726,22.295140,678134,19412
best,/hot/data/github_daily/2017-10-15.json,./local-exp/c++-baseline/github/best/output/part_6.csv,1.46377,0.525433,22.295140,910100,26107
best,/hot/data/github_daily/2018-10-15.json,./local-exp/c++-baseline/github/best/output/part_7.csv,2.98021,1.12198,22.295140,1522655,44404
best,/hot/data/github_daily/2019-10-15.json,./local-exp/c++-baseline/github/best/output/part_8.csv,4.36202,1.70665,22.295140,2134789,61337
best,/hot/data/github_daily/2020-10-15.json,./local-exp/c++-baseline/github/best/output/part_9.csv,6.47004,2.64742,22.295140,2963694,62354
best,/hot/data/github_daily/2021-10-15.json,./local-exp/c++-baseline/github/best/output/part_10.csv,2.23571,0.826667,22.295140,1078139,21313
mode,input_path,output_path,time_in_s,loading_time_in_s,total_time_in_s,input_row_count,output_row_count
best,/hot/data/github_daily/2011-10-15.json,./local-exp/c++-baseline/github/best/output/part_0.csv,0.0617532,0.0204178,22.044931,48899,1418
best,/hot/data/github_daily/2012-10-15.json,./local-exp/c++-baseline/github/best/output/part_1.csv,0.197412,0.0560222,22.044931,165692,5907
best,/hot/data/github_daily/2013-10-15.json,./local-exp/c++-baseline/github/best/output/part_2.csv,0.417649,0.133051,22.044931,296456,10628
best,/hot/data/github_daily/2014-10-15.json,./local-exp/c++-baseline/github/best/output/part_3.csv,1.53918,0.626363,22.044931,476393,16014
best,/hot/data/github_daily/2015-10-15.json,./local-exp/c++-baseline/github/best/output/part_4.csv,1.41526,0.528644,22.044931,737714,25301
best,/hot/data/github_daily/2016-10-15.json,./local-exp/c++-baseline/github/best/output/part_5.csv,1.09157,0.391866,22.044931,678134,19412
best,/hot/data/github_daily/2017-10-15.json,./local-exp/c++-baseline/github/best/output/part_6.csv,1.46404,0.524599,22.044931,910100,26107
best,/hot/data/github_daily/2018-10-15.json,./local-exp/c++-baseline/github/best/output/part_7.csv,2.99454,1.11009,22.044931,1522655,44404
best,/hot/data/github_daily/2019-10-15.json,./local-exp/c++-baseline/github/best/output/part_8.csv,4.29172,1.67777,22.044931,2134789,61337
best,/hot/data/github_daily/2020-10-15.json,./local-exp/c++-baseline/github/best/output/part_9.csv,6.35798,2.59785,22.044931,2963694,62354
best,/hot/data/github_daily/2021-10-15.json,./local-exp/c++-baseline/github/best/output/part_10.csv,2.21357,0.813952,22.044931,1078139,21313
mode,input_path,output_path,time_in_s,loading_time_in_s,total_time_in_s,input_row_count,output_row_count
best,/hot/data/github_daily/2011-10-15.json,./local-exp/c++-baseline/github/best/output/part_0.csv,0.0617024,0.0209697,22.181319,48899,1418
best,/hot/data/github_daily/2012-10-15.json,./local-exp/c++-baseline/github/best/output/part_1.csv,0.196292,0.0533606,22.181319,165692,5907
best,/hot/data/github_daily/2013-10-15.json,./local-exp/c++-baseline/github/best/output/part_2.csv,0.427623,0.135609,22.181319,296456,10628
best,/hot/data/github_daily/2014-10-15.json,./local-exp/c++-baseline/github/best/output/part_3.csv,1.57551,0.634365,22.181319,476393,16014
best,/hot/data/github_daily/2015-10-15.json,./local-exp/c++-baseline/github/best/output/part_4.csv,1.3951,0.517033,22.181319,737714,25301
best,/hot/data/github_daily/2016-10-15.json,./local-exp/c++-baseline/github/best/output/part_5.csv,1.09692,0.394976,22.181319,678134,19412
best,/hot/data/github_daily/2017-10-15.json,./local-exp/c++-baseline/github/best/output/part_6.csv,1.49231,0.52885,22.181319,910100,26107
best,/hot/data/github_daily/2018-10-15.json,./local-exp/c++-baseline/github/best/output/part_7.csv,2.9279,1.09476,22.181319,1522655,44404
best,/hot/data/github_daily/2019-10-15.json,./local-exp/c++-baseline/github/best/output/part_8.csv,4.31955,1.68679,22.181319,2134789,61337
best,/hot/data/github_daily/2020-10-15.json,./local-exp/c++-baseline/github/best/output/part_9.csv,6.43751,2.61163,22.181319,2963694,62354
best,/hot/data/github_daily/2021-10-15.json,./local-exp/c++-baseline/github/best/output/part_10.csv,2.25067,0.826963,22.181319,1078139,21313
