mode,input_path,output_path,time_in_s,loading_time_in_s,total_time_in_s,input_row_count,output_row_count
cjson,/hot/data/github_daily/2011-10-15.json,./local-exp/c++-baseline/github/cjson/output/part_0.csv,0.376498,0.0206045,154.591884,48899,1418
cjson,/hot/data/github_daily/2012-10-15.json,./local-exp/c++-baseline/github/cjson/output/part_1.csv,1.29949,0.0530403,154.591884,165692,5907
cjson,/hot/data/github_daily/2013-10-15.json,./local-exp/c++-baseline/github/cjson/output/part_2.csv,2.73975,0.134146,154.591884,296456,10628
cjson,/hot/data/github_daily/2014-10-15.json,./local-exp/c++-baseline/github/cjson/output/part_3.csv,10.3117,0.627763,154.591884,476393,16014
cjson,/hot/data/github_daily/2015-10-15.json,./local-exp/c++-baseline/github/cjson/output/part_4.csv,8.94804,0.533051,154.591884,737714,25301
cjson,/hot/data/github_daily/2016-10-15.json,./local-exp/c++-baseline/github/cjson/output/part_5.csv,6.97971,0.394328,154.591884,678134,19412
cjson,/hot/data/github_daily/2017-10-15.json,./local-exp/c++-baseline/github/cjson/output/part_6.csv,9.46761,0.525005,154.591884,910100,26107
cjson,/hot/data/github_daily/2018-10-15.json,./local-exp/c++-baseline/github/cjson/output/part_7.csv,20.0943,1.10155,154.591884,1522655,44404
cjson,/hot/data/github_daily/2019-10-15.json,./local-exp/c++-baseline/github/cjson/output/part_8.csv,31.0747,1.70627,154.591884,2134789,61337
cjson,/hot/data/github_daily/2020-10-15.json,./local-exp/c++-baseline/github/cjson/output/part_9.csv,48.5538,2.63665,154.591884,2963694,62354
cjson,/hot/data/github_daily/2021-10-15.json,./local-exp/c++-baseline/github/cjson/output/part_10.csv,14.746,0.828242,154.591884,1078139,21313
mode,input_path,output_path,time_in_s,loading_time_in_s,total_time_in_s,input_row_count,output_row_count
cjson,/hot/data/github_daily/2011-10-15.json,./local-exp/c++-baseline/github/cjson/output/part_0.csv,0.38049,0.0200443,156.611196,48899,1418
cjson,/hot/data/github_daily/2012-10-15.json,./local-exp/c++-baseline/github/cjson/output/part_1.csv,1.3226,0.053136,156.611196,165692,5907
cjson,/hot/data/github_daily/2013-10-15.json,./local-exp/c++-baseline/github/cjson/output/part_2.csv,2.77966,0.129584,156.611196,296456,10628
cjson,/hot/data/github_daily/2014-10-15.json,./local-exp/c++-baseline/github/cjson/output/part_3.csv,10.4287,0.628172,156.611196,476393,16014
cjson,/hot/data/github_daily/2015-10-15.json,./local-exp/c++-baseline/github/cjson/output/part_4.csv,9.14768,0.532385,156.611196,737714,25301
cjson,/hot/data/github_daily/2016-10-15.json,./local-exp/c++-baseline/github/cjson/output/part_5.csv,7.11866,0.395371,156.611196,678134,19412
cjson,/hot/data/github_daily/2017-10-15.json,./local-exp/c++-baseline/github/cjson/output/part_6.csv,9.66979,0.525394,156.611196,910100,26107
cjson,/hot/data/github_daily/2018-10-15.json,./local-exp/c++-baseline/github/cjson/output/part_7.csv,20.4674,1.10069,156.611196,1522655,44404
cjson,/hot/data/github_daily/2019-10-15.json,./local-exp/c++-baseline/github/cjson/output/part_8.csv,31.737,1.72769,156.611196,2134789,61337
cjson,/hot/data/github_daily/2020-10-15.json,./local-exp/c++-baseline/github/cjson/output/part_9.csv,48.7094,2.65277,156.611196,2963694,62354
cjson,/hot/data/github_daily/2021-10-15.json,./local-exp/c++-baseline/github/cjson/output/part_10.csv,14.8495,0.827872,156.611196,1078139,21313
mode,input_path,output_path,time_in_s,loading_time_in_s,total_time_in_s,input_row_count,output_row_count
cjson,/hot/data/github_daily/2011-10-15.json,./local-exp/c++-baseline/github/cjson/output/part_0.csv,0.378008,0.0209763,155.034848,48899,1418
cjson,/hot/data/github_daily/2012-10-15.json,./local-exp/c++-baseline/github/cjson/output/part_1.csv,1.30706,0.0549911,155.034848,165692,5907
cjson,/hot/data/github_daily/2013-10-15.json,./local-exp/c++-baseline/github/cjson/output/part_2.csv,2.75016,0.134668,155.034848,296456,10628
cjson,/hot/data/github_daily/2014-10-15.json,./local-exp/c++-baseline/github/cjson/output/part_3.csv,10.3512,0.643994,155.034848,476393,16014
cjson,/hot/data/github_daily/2015-10-15.json,./local-exp/c++-baseline/github/cjson/output/part_4.csv,8.9856,0.515503,155.034848,737714,25301
cjson,/hot/data/github_daily/2016-10-15.json,./local-exp/c++-baseline/github/cjson/output/part_5.csv,6.93107,0.394835,155.034848,678134,19412
cjson,/hot/data/github_daily/2017-10-15.json,./local-exp/c++-baseline/github/cjson/output/part_6.csv,9.53128,0.526811,155.034848,910100,26107
cjson,/hot/data/github_daily/2018-10-15.json,./local-exp/c++-baseline/github/cjson/output/part_7.csv,20.2256,1.12578,155.034848,1522655,44404
cjson,/hot/data/github_daily/2019-10-15.json,./local-exp/c++-baseline/github/cjson/output/part_8.csv,31.2904,1.70534,155.034848,2134789,61337
cjson,/hot/data/github_daily/2020-10-15.json,./local-exp/c++-baseline/github/cjson/output/part_9.csv,48.5843,2.62678,155.034848,2963694,62354
cjson,/hot/data/github_daily/2021-10-15.json,./local-exp/c++-baseline/github/cjson/output/part_10.csv,14.6999,0.834551,155.034848,1078139,21313
mode,input_path,output_path,time_in_s,loading_time_in_s,total_time_in_s,input_row_count,output_row_count
cjson,/hot/data/github_daily/2011-10-15.json,./local-exp/c++-baseline/github/cjson/output/part_0.csv,0.400496,0.0207758,160.264353,48899,1418
cjson,/hot/data/github_daily/2012-10-15.json,./local-exp/c++-baseline/github/cjson/output/part_1.csv,1.39558,0.0530657,160.264353,165692,5907
cjson,/hot/data/github_daily/2013-10-15.json,./local-exp/c++-baseline/github/cjson/output/part_2.csv,2.90889,0.131548,160.264353,296456,10628
cjson,/hot/data/github_daily/2014-10-15.json,./local-exp/c++-baseline/github/cjson/output/part_3.csv,10.8737,0.627876,160.264353,476393,16014
cjson,/hot/data/github_daily/2015-10-15.json,./local-exp/c++-baseline/github/cjson/output/part_4.csv,9.36105,0.53258,160.264353,737714,25301
cjson,/hot/data/github_daily/2016-10-15.json,./local-exp/c++-baseline/github/cjson/output/part_5.csv,7.37676,0.414575,160.264353,678134,19412
cjson,/hot/data/github_daily/2017-10-15.json,./local-exp/c++-baseline/github/cjson/output/part_6.csv,10.0301,0.548778,160.264353,910100,26107
cjson,/hot/data/github_daily/2018-10-15.json,./local-exp/c++-baseline/github/cjson/output/part_7.csv,21.0062,1.09804,160.264353,1522655,44404
cjson,/hot/data/github_daily/2019-10-15.json,./local-exp/c++-baseline/github/cjson/output/part_8.csv,32.3634,1.67543,160.264353,2134789,61337
cjson,/hot/data/github_daily/2020-10-15.json,./local-exp/c++-baseline/github/cjson/output/part_9.csv,49.5416,2.60344,160.264353,2963694,62354
cjson,/hot/data/github_daily/2021-10-15.json,./local-exp/c++-baseline/github/cjson/output/part_10.csv,15.0064,0.813223,160.264353,1078139,21313
mode,input_path,output_path,time_in_s,loading_time_in_s,total_time_in_s,input_row_count,output_row_count
cjson,/hot/data/github_daily/2011-10-15.json,./local-exp/c++-baseline/github/cjson/output/part_0.csv,0.378636,0.0203467,153.086643,48899,1418
cjson,/hot/data/github_daily/2012-10-15.json,./local-exp/c++-baseline/github/cjson/output/part_1.csv,1.32745,0.0538063,153.086643,165692,5907
cjson,/hot/data/github_daily/2013-10-15.json,./local-exp/c++-baseline/github/cjson/output/part_2.csv,2.7818,0.132967,153.086643,296456,10628
cjson,/hot/data/github_daily/2014-10-15.json,./local-exp/c++-baseline/github/cjson/output/part_3.csv,10.3992,0.627138,153.086643,476393,16014
cjson,/hot/data/github_daily/2015-10-15.json,./local-exp/c++-baseline/github/cjson/output/part_4.csv,9.04046,0.512139,153.086643,737714,25301
cjson,/hot/data/github_daily/2016-10-15.json,./local-exp/c++-baseline/github/cjson/output/part_5.csv,6.76324,0.382091,153.086643,678134,19412
cjson,/hot/data/github_daily/2017-10-15.json,./local-exp/c++-baseline/github/cjson/output/part_6.csv,9.5008,0.510418,153.086643,910100,26107
cjson,/hot/data/github_daily/2018-10-15.json,./local-exp/c++-baseline/github/cjson/output/part_7.csv,20.1631,1.09849,153.086643,1522655,44404
cjson,/hot/data/github_daily/2019-10-15.json,./local-exp/c++-baseline/github/cjson/output/part_8.csv,30.8807,1.62702,153.086643,2134789,61337
cjson,/hot/data/github_daily/2020-10-15.json,./local-exp/c++-baseline/github/cjson/output/part_9.csv,47.5935,2.56318,153.086643,2963694,62354
cjson,/hot/data/github_daily/2021-10-15.json,./local-exp/c++-baseline/github/cjson/output/part_10.csv,14.2575,0.811615,153.086643,1078139,21313
mode,input_path,output_path,time_in_s,loading_time_in_s,total_time_in_s,input_row_count,output_row_count
cjson,/hot/data/github_daily/2011-10-15.json,./local-exp/c++-baseline/github/cjson/output/part_0.csv,0.374973,0.0201139,154.701000,48899,1418
cjson,/hot/data/github_daily/2012-10-15.json,./local-exp/c++-baseline/github/cjson/output/part_1.csv,1.30872,0.0544079,154.701000,165692,5907
cjson,/hot/data/github_daily/2013-10-15.json,./local-exp/c++-baseline/github/cjson/output/part_2.csv,2.76237,0.134261,154.701000,296456,10628
cjson,/hot/data/github_daily/2014-10-15.json,./local-exp/c++-baseline/github/cjson/output/part_3.csv,10.3882,0.632091,154.701000,476393,16014
cjson,/hot/data/github_daily/2015-10-15.json,./local-exp/c++-baseline/github/cjson/output/part_4.csv,8.76982,0.535924,154.701000,737714,25301
cjson,/hot/data/github_daily/2016-10-15.json,./local-exp/c++-baseline/github/cjson/output/part_5.csv,7.0024,0.392267,154.701000,678134,19412
cjson,/hot/data/github_daily/2017-10-15.json,./local-exp/c++-baseline/github/cjson/output/part_6.csv,9.53752,0.543837,154.701000,910100,26107
cjson,/hot/data/github_daily/2018-10-15.json,./local-exp/c++-baseline/github/cjson/output/part_7.csv,20.2369,1.09419,154.701000,1522655,44404
cjson,/hot/data/github_daily/2019-10-15.json,./local-exp/c++-baseline/github/cjson/output/part_8.csv,31.3191,1.66636,154.701000,2134789,61337
cjson,/hot/data/github_daily/2020-10-15.json,./local-exp/c++-baseline/github/cjson/output/part_9.csv,48.2884,2.60483,154.701000,2963694,62354
cjson,/hot/data/github_daily/2021-10-15.json,./local-exp/c++-baseline/github/cjson/output/part_10.csv,14.7124,0.838729,154.701000,1078139,21313
