mode,input_path,output_path,time_in_s,loading_time_in_s,total_time_in_s,input_row_count,output_row_count
cstruct,/hot/data/github_daily/2011-10-15.json,./local-exp/c++-baseline/github/cstruct/output/part_0.csv,0.0811108,0.0200938,26.004113,48899,1418
cstruct,/hot/data/github_daily/2012-10-15.json,./local-exp/c++-baseline/github/cstruct/output/part_1.csv,0.220645,0.0551967,26.004113,165692,5907
cstruct,/hot/data/github_daily/2013-10-15.json,./local-exp/c++-baseline/github/cstruct/output/part_2.csv,0.449674,0.131623,26.004113,296456,10628
cstruct,/hot/data/github_daily/2014-10-15.json,./local-exp/c++-baseline/github/cstruct/output/part_3.csv,1.61741,0.629821,26.004113,476393,16014
cstruct,/hot/data/github_daily/2015-10-15.json,./local-exp/c++-baseline/github/cstruct/output/part_4.csv,1.67131,0.516769,26.004113,737714,25301
cstruct,/hot/data/github_daily/2016-10-15.json,./local-exp/c++-baseline/github/cstruct/output/part_5.csv,1.32733,0.39574,26.004113,678134,19412
cstruct,/hot/data/github_daily/2017-10-15.json,./local-exp/c++-baseline/github/cstruct/output/part_6.csv,1.78337,0.527671,26.004113,910100,26107
cstruct,/hot/data/github_daily/2018-10-15.json,./local-exp/c++-baseline/github/cstruct/output/part_7.csv,3.52297,1.1229,26.004113,1522655,44404
cstruct,/hot/data/github_daily/2019-10-15.json,./local-exp/c++-baseline/github/cstruct/output/part_8.csv,5.10614,1.70199,26.004113,2134789,61337
cstruct,/hot/data/github_daily/2020-10-15.json,./local-exp/c++-baseline/github/cstruct/output/part_9.csv,7.53622,2.66857,26.004113,2963694,62354
cstruct,/hot/data/github_daily/2021-10-15.json,./local-exp/c++-baseline/github/cstruct/output/part_10.csv,2.68766,0.840344,26.004113,1078139,21313
mode,input_path,output_path,time_in_s,loading_time_in_s,total_time_in_s,input_row_count,output_row_count
cstruct,/hot/data/github_daily/2011-10-15.json,./local-exp/c++-baseline/github/cstruct/output/part_0.csv,0.0787484,0.0204951,25.989011,48899,1418
cstruct,/hot/data/github_daily/2012-10-15.json,./local-exp/c++-baseline/github/cstruct/output/part_1.csv,0.213335,0.052921,25.989011,165692,5907
cstruct,/hot/data/github_daily/2013-10-15.json,./local-exp/c++-baseline/github/cstruct/output/part_2.csv,0.454681,0.135281,25.989011,296456,10628
cstruct,/hot/data/github_daily/2014-10-15.json,./local-exp/c++-baseline/github/cstruct/output/part_3.csv,1.61553,0.645435,25.989011,476393,16014
cstruct,/hot/data/github_daily/2015-10-15.json,./local-exp/c++-baseline/github/cstruct/output/part_4.csv,1.67629,0.513473,25.989011,737714,25301
cstruct,/hot/data/github_daily/2016-10-15.json,./local-exp/c++-baseline/github/cstruct/output/part_5.csv,1.33488,0.393558,25.989011,678134,19412
cstruct,/hot/data/github_daily/2017-10-15.json,./local-exp/c++-baseline/github/cstruct/output/part_6.csv,1.77499,0.526221,25.989011,910100,26107
cstruct,/hot/data/github_daily/2018-10-15.json,./local-exp/c++-baseline/github/cstruct/output/part_7.csv,3.54003,1.14061,25.989011,1522655,44404
cstruct,/hot/data/github_daily/2019-10-15.json,./local-exp/c++-baseline/github/cstruct/output/part_8.csv,5.12368,1.71883,25.989011,2134789,61337
cstruct,/hot/data/github_daily/2020-10-15.json,./local-exp/c++-baseline/github/cstruct/output/part_9.csv,7.54146,2.64857,25.989011,2963694,62354
cstruct,/hot/data/github_daily/2021-10-15.json,./local-exp/c++-baseline/github/cstruct/output/part_10.csv,2.63513,0.82729,25.989011,1078139,21313
mode,input_path,output_path,time_in_s,loading_time_in_s,total_time_in_s,input_row_count,output_row_count
cstruct,/hot/data/github_daily/2011-10-15.json,./local-exp/c++-baseline/github/cstruct/output/part_0.csv,0.0795146,0.0202005,25.947923,48899,1418
cstruct,/hot/data/github_daily/2012-10-15.json,./local-exp/c++-baseline/github/cstruct/output/part_1.csv,0.248348,0.0530877,25.947923,165692,5907
cstruct,/hot/data/github_daily/2013-10-15.json,./local-exp/c++-baseline/github/cstruct/output/part_2.csv,0.453552,0.133958,25.947923,296456,10628
cstruct,/hot/data/github_daily/2014-10-15.json,./local-exp/c++-baseline/github/cstruct/output/part_3.csv,1.62418,0.631714,25.947923,476393,16014
cstruct,/hot/data/github_daily/2015-10-15.json,./local-exp/c++-baseline/github/cstruct/output/part_4.csv,1.66533,0.515626,25.947923,737714,25301
cstruct,/hot/data/github_daily/2016-10-15.json,./local-exp/c++-baseline/github/cstruct/output/part_5.csv,1.35359,0.408386,25.947923,678134,19412
cstruct,/hot/data/github_daily/2017-10-15.json,./local-exp/c++-baseline/github/cstruct/output/part_6.csv,1.78513,0.525308,25.947923,910100,26107
cstruct,/hot/data/github_daily/2018-10-15.json,./local-exp/c++-baseline/github/cstruct/output/part_7.csv,3.54064,1.10129,25.947923,1522655,44404
cstruct,/hot/data/github_daily/2019-10-15.json,./local-exp/c++-baseline/github/cstruct/output/part_8.csv,5.05078,1.72002,25.947923,2134789,61337
cstruct,/hot/data/github_daily/2020-10-15.json,./local-exp/c++-baseline/github/cstruct/output/part_9.csv,7.50362,2.62738,25.947923,2963694,62354
cstruct,/hot/data/github_daily/2021-10-15.json,./local-exp/c++-baseline/github/cstruct/output/part_10.csv,2.64303,0.827271,25.947923,1078139,21313
mode,input_path,output_path,time_in_s,loading_time_in_s,total_time_in_s,input_row_count,output_row_count
cstruct,/hot/data/github_daily/2011-10-15.json,./local-exp/c++-baseline/github/cstruct/output/part_0.csv,0.0804322,0.0208681,25.997435,48899,1418
cstruct,/hot/data/github_daily/2012-10-15.json,./local-exp/c++-baseline/github/cstruct/output/part_1.csv,0.213647,0.0531043,25.997435,165692,5907
cstruct,/hot/data/github_daily/2013-10-15.json,./local-exp/c++-baseline/github/cstruct/output/part_2.csv,0.446589,0.130589,25.997435,296456,10628
cstruct,/hot/data/github_daily/2014-10-15.json,./local-exp/c++-baseline/github/cstruct/output/part_3.csv,1.6317,0.631407,25.997435,476393,16014
cstruct,/hot/data/github_daily/2015-10-15.json,./local-exp/c++-baseline/github/cstruct/output/part_4.csv,1.66184,0.515377,25.997435,737714,25301
cstruct,/hot/data/github_daily/2016-10-15.json,./local-exp/c++-baseline/github/cstruct/output/part_5.csv,1.32893,0.394489,25.997435,678134,19412
cstruct,/hot/data/github_daily/2017-10-15.json,./local-exp/c++-baseline/github/cstruct/output/part_6.csv,1.78484,0.525615,25.997435,910100,26107
cstruct,/hot/data/github_daily/2018-10-15.json,./local-exp/c++-baseline/github/cstruct/output/part_7.csv,3.50626,1.10298,25.997435,1522655,44404
cstruct,/hot/data/github_daily/2019-10-15.json,./local-exp/c++-baseline/github/cstruct/output/part_8.csv,5.07108,1.73559,25.997435,2134789,61337
cstruct,/hot/data/github_daily/2020-10-15.json,./local-exp/c++-baseline/github/cstruct/output/part_9.csv,7.61569,2.62637,25.997435,2963694,62354
cstruct,/hot/data/github_daily/2021-10-15.json,./local-exp/c++-baseline/github/cstruct/output/part_10.csv,2.65622,0.827565,25.997435,1078139,21313
mode,input_path,output_path,time_in_s,loading_time_in_s,total_time_in_s,input_row_count,output_row_count
cstruct,/hot/data/github_daily/2011-10-15.json,./local-exp/c++-baseline/github/cstruct/output/part_0.csv,0.0792136,0.0199893,25.240500,48899,1418
cstruct,/hot/data/github_daily/2012-10-15.json,./local-exp/c++-baseline/github/cstruct/output/part_1.csv,0.21763,0.0551706,25.240500,165692,5907
cstruct,/hot/data/github_daily/2013-10-15.json,./local-exp/c++-baseline/github/cstruct/output/part_2.csv,0.45477,0.131457,25.240500,296456,10628
cstruct,/hot/data/github_daily/2014-10-15.json,./local-exp/c++-baseline/github/cstruct/output/part_3.csv,1.60304,0.633366,25.240500,476393,16014
cstruct,/hot/data/github_daily/2015-10-15.json,./local-exp/c++-baseline/github/cstruct/output/part_4.csv,1.65255,0.511779,25.240500,737714,25301
cstruct,/hot/data/github_daily/2016-10-15.json,./local-exp/c++-baseline/github/cstruct/output/part_5.csv,1.32316,0.397441,25.240500,678134,19412
cstruct,/hot/data/github_daily/2017-10-15.json,./local-exp/c++-baseline/github/cstruct/output/part_6.csv,1.77274,0.521837,25.240500,910100,26107
cstruct,/hot/data/github_daily/2018-10-15.json,./local-exp/c++-baseline/github/cstruct/output/part_7.csv,3.47103,1.09088,25.240500,1522655,44404
cstruct,/hot/data/github_daily/2019-10-15.json,./local-exp/c++-baseline/github/cstruct/output/part_8.csv,4.87386,1.65949,25.240500,2134789,61337
cstruct,/hot/data/github_daily/2020-10-15.json,./local-exp/c++-baseline/github/cstruct/output/part_9.csv,7.23232,2.53625,25.240500,2963694,62354
cstruct,/hot/data/github_daily/2021-10-15.json,./local-exp/c++-baseline/github/cstruct/output/part_10.csv,2.55996,0.810517,25.240500,1078139,21313
mode,input_path,output_path,time_in_s,loading_time_in_s,total_time_in_s,input_row_count,output_row_count
cstruct,/hot/data/github_daily/2011-10-15.json,./local-exp/c++-baseline/github/cstruct/output/part_0.csv,0.0801387,0.02035,25.819719,48899,1418
cstruct,/hot/data/github_daily/2012-10-15.json,./local-exp/c++-baseline/github/cstruct/output/part_1.csv,0.212848,0.05308,25.819719,165692,5907
cstruct,/hot/data/github_daily/2013-10-15.json,./local-exp/c++-baseline/github/cstruct/output/part_2.csv,0.446751,0.12974,25.819719,296456,10628
cstruct,/hot/data/github_daily/2014-10-15.json,./local-exp/c++-baseline/github/cstruct/output/part_3.csv,1.61015,0.627348,25.819719,476393,16014
cstruct,/hot/data/github_daily/2015-10-15.json,./local-exp/c++-baseline/github/cstruct/output/part_4.csv,1.67015,0.519537,25.819719,737714,25301
cstruct,/hot/data/github_daily/2016-10-15.json,./local-exp/c++-baseline/github/cstruct/output/part_5.csv,1.33754,0.396755,25.819719,678134,19412
cstruct,/hot/data/github_daily/2017-10-15.json,./local-exp/c++-baseline/github/cstruct/output/part_6.csv,1.80247,0.529669,25.819719,910100,26107
cstruct,/hot/data/github_daily/2018-10-15.json,./local-exp/c++-baseline/github/cstruct/output/part_7.csv,3.49474,1.09112,25.819719,1522655,44404
cstruct,/hot/data/github_daily/2019-10-15.json,./local-exp/c++-baseline/github/cstruct/output/part_8.csv,5.12223,1.66109,25.819719,2134789,61337
cstruct,/hot/data/github_daily/2020-10-15.json,./local-exp/c++-baseline/github/cstruct/output/part_9.csv,7.4034,2.61216,25.819719,2963694,62354
cstruct,/hot/data/github_daily/2021-10-15.json,./local-exp/c++-baseline/github/cstruct/output/part_10.csv,2.6391,0.83703,25.819719,1078139,21313
