mode,input_path,output_path,time_in_s,loading_time_in_s,total_time_in_s,input_row_count,output_row_count
yyjson,/hot/data/github_daily/2011-10-15.json,./local-exp/c++-baseline/github/yyjson/output/part_0.csv,0.197692,0.0202054,72.888792,48899,1418
yyjson,/hot/data/github_daily/2012-10-15.json,./local-exp/c++-baseline/github/yyjson/output/part_1.csv,0.670609,0.052981,72.888792,165692,5907
yyjson,/hot/data/github_daily/2013-10-15.json,./local-exp/c++-baseline/github/yyjson/output/part_2.csv,1.31341,0.129621,72.888792,296456,10628
yyjson,/hot/data/github_daily/2014-10-15.json,./local-exp/c++-baseline/github/yyjson/output/part_3.csv,4.7314,0.630358,72.888792,476393,16014
yyjson,/hot/data/github_daily/2015-10-15.json,./local-exp/c++-baseline/github/yyjson/output/part_4.csv,4.31697,0.531961,72.888792,737714,25301
yyjson,/hot/data/github_daily/2016-10-15.json,./local-exp/c++-baseline/github/yyjson/output/part_5.csv,3.38055,0.39515,72.888792,678134,19412
yyjson,/hot/data/github_daily/2017-10-15.json,./local-exp/c++-baseline/github/yyjson/output/part_6.csv,4.61082,0.544427,72.888792,910100,26107
yyjson,/hot/data/github_daily/2018-10-15.json,./local-exp/c++-baseline/github/yyjson/output/part_7.csv,9.5933,1.1088,72.888792,1522655,44404
yyjson,/hot/data/github_daily/2019-10-15.json,./local-exp/c++-baseline/github/yyjson/output/part_8.csv,14.5774,1.72262,72.888792,2134789,61337
yyjson,/hot/data/github_daily/2020-10-15.json,./local-exp/c++-baseline/github/yyjson/output/part_9.csv,22.4384,2.63292,72.888792,2963694,62354
yyjson,/hot/data/github_daily/2021-10-15.json,./local-exp/c++-baseline/github/yyjson/output/part_10.csv,7.05794,0.852658,72.888792,1078139,21313
mode,input_path,output_path,time_in_s,loading_time_in_s,total_time_in_s,input_row_count,output_row_count
yyjson,/hot/data/github_daily/2011-10-15.json,./local-exp/c++-baseline/github/yyjson/output/part_0.csv,0.193406,0.0201443,73.969353,48899,1418
yyjson,/hot/data/github_daily/2012-10-15.json,./local-exp/c++-baseline/github/yyjson/output/part_1.csv,0.687034,0.0548424,73.969353,165692,5907
yyjson,/hot/data/github_daily/2013-10-15.json,./local-exp/c++-baseline/github/yyjson/output/part_2.csv,1.33252,0.129562,73.969353,296456,10628
yyjson,/hot/data/github_daily/2014-10-15.json,./local-exp/c++-baseline/github/yyjson/output/part_3.csv,4.80581,0.63018,73.969353,476393,16014
yyjson,/hot/data/github_daily/2015-10-15.json,./local-exp/c++-baseline/github/yyjson/output/part_4.csv,4.36998,0.51442,73.969353,737714,25301
yyjson,/hot/data/github_daily/2016-10-15.json,./local-exp/c++-baseline/github/yyjson/output/part_5.csv,3.41234,0.394625,73.969353,678134,19412
yyjson,/hot/data/github_daily/2017-10-15.json,./local-exp/c++-baseline/github/yyjson/output/part_6.csv,4.66352,0.525425,73.969353,910100,26107
yyjson,/hot/data/github_daily/2018-10-15.json,./local-exp/c++-baseline/github/yyjson/output/part_7.csv,9.71882,1.10076,73.969353,1522655,44404
yyjson,/hot/data/github_daily/2019-10-15.json,./local-exp/c++-baseline/github/yyjson/output/part_8.csv,14.8144,1.70151,73.969353,2134789,61337
yyjson,/hot/data/github_daily/2020-10-15.json,./local-exp/c++-baseline/github/yyjson/output/part_9.csv,22.7841,2.64482,73.969353,2963694,62354
yyjson,/hot/data/github_daily/2021-10-15.json,./local-exp/c++-baseline/github/yyjson/output/part_10.csv,7.18716,0.844616,73.969353,1078139,21313
mode,input_path,output_path,time_in_s,loading_time_in_s,total_time_in_s,input_row_count,output_row_count
yyjson,/hot/data/github_daily/2011-10-15.json,./local-exp/c++-baseline/github/yyjson/output/part_0.csv,0.195725,0.0201004,73.713404,48899,1418
yyjson,/hot/data/github_daily/2012-10-15.json,./local-exp/c++-baseline/github/yyjson/output/part_1.csv,0.686917,0.0531196,73.713404,165692,5907
yyjson,/hot/data/github_daily/2013-10-15.json,./local-exp/c++-baseline/github/yyjson/output/part_2.csv,1.34179,0.129778,73.713404,296456,10628
yyjson,/hot/data/github_daily/2014-10-15.json,./local-exp/c++-baseline/github/yyjson/output/part_3.csv,4.82762,0.650456,73.713404,476393,16014
yyjson,/hot/data/github_daily/2015-10-15.json,./local-exp/c++-baseline/github/yyjson/output/part_4.csv,4.3683,0.515549,73.713404,737714,25301
yyjson,/hot/data/github_daily/2016-10-15.json,./local-exp/c++-baseline/github/yyjson/output/part_5.csv,3.42738,0.395013,73.713404,678134,19412
yyjson,/hot/data/github_daily/2017-10-15.json,./local-exp/c++-baseline/github/yyjson/output/part_6.csv,4.67512,0.54174,73.713404,910100,26107
yyjson,/hot/data/github_daily/2018-10-15.json,./local-exp/c++-baseline/github/yyjson/output/part_7.csv,9.75504,1.13766,73.713404,1522655,44404
yyjson,/hot/data/github_daily/2019-10-15.json,./local-exp/c++-baseline/github/yyjson/output/part_8.csv,14.7695,1.70395,73.713404,2134789,61337
yyjson,/hot/data/github_daily/2020-10-15.json,./local-exp/c++-baseline/github/yyjson/output/part_9.csv,22.6405,2.65231,73.713404,2963694,62354
yyjson,/hot/data/github_daily/2021-10-15.json,./local-exp/c++-baseline/github/yyjson/output/part_10.csv,7.0253,0.827526,73.713404,1078139,21313
mode,input_path,output_path,time_in_s,loading_time_in_s,total_time_in_s,input_row_count,output_row_count
yyjson,/hot/data/github_daily/2011-10-15.json,./local-exp/c++-baseline/github/yyjson/output/part_0.csv,0.198126,0.021851,72.646126,48899,1418
yyjson,/hot/data/github_daily/2012-10-15.json,./local-exp/c++-baseline/github/yyjson/output/part_1.csv,0.689515,0.054851,72.646126,165692,5907
yyjson,/hot/data/github_daily/2013-10-15.json,./local-exp/c++-baseline/github/yyjson/output/part_2.csv,1.38485,0.139403,72.646126,296456,10628
yyjson,/hot/data/github_daily/2014-10-15.json,./local-exp/c++-baseline/github/yyjson/output/part_3.csv,4.8297,0.635922,72.646126,476393,16014
yyjson,/hot/data/github_daily/2015-10-15.json,./local-exp/c++-baseline/github/yyjson/output/part_4.csv,4.3754,0.516661,72.646126,737714,25301
yyjson,/hot/data/github_daily/2016-10-15.json,./local-exp/c++-baseline/github/yyjson/output/part_5.csv,3.38137,0.391501,72.646126,678134,19412
yyjson,/hot/data/github_daily/2017-10-15.json,./local-exp/c++-baseline/github/yyjson/output/part_6.csv,4.4954,0.507828,72.646126,910100,26107
yyjson,/hot/data/github_daily/2018-10-15.json,./local-exp/c++-baseline/github/yyjson/output/part_7.csv,9.54406,1.07939,72.646126,1522655,44404
yyjson,/hot/data/github_daily/2019-10-15.json,./local-exp/c++-baseline/github/yyjson/output/part_8.csv,14.6827,1.66658,72.646126,2134789,61337
yyjson,/hot/data/github_daily/2020-10-15.json,./local-exp/c++-baseline/github/yyjson/output/part_9.csv,22.1422,2.51755,72.646126,2963694,62354
yyjson,/hot/data/github_daily/2021-10-15.json,./local-exp/c++-baseline/github/yyjson/output/part_10.csv,6.92263,0.818276,72.646126,1078139,21313
mode,input_path,output_path,time_in_s,loading_time_in_s,total_time_in_s,input_row_count,output_row_count
yyjson,/hot/data/github_daily/2011-10-15.json,./local-exp/c++-baseline/github/yyjson/output/part_0.csv,0.190534,0.0216793,71.587112,48899,1418
yyjson,/hot/data/github_daily/2012-10-15.json,./local-exp/c++-baseline/github/yyjson/output/part_1.csv,0.698579,0.055474,71.587112,165692,5907
yyjson,/hot/data/github_daily/2013-10-15.json,./local-exp/c++-baseline/github/yyjson/output/part_2.csv,1.32303,0.135734,71.587112,296456,10628
yyjson,/hot/data/github_daily/2014-10-15.json,./local-exp/c++-baseline/github/yyjson/output/part_3.csv,4.65231,0.629394,71.587112,476393,16014
yyjson,/hot/data/github_daily/2015-10-15.json,./local-exp/c++-baseline/github/yyjson/output/part_4.csv,4.26886,0.512568,71.587112,737714,25301
yyjson,/hot/data/github_daily/2016-10-15.json,./local-exp/c++-baseline/github/yyjson/output/part_5.csv,3.36006,0.392631,71.587112,678134,19412
yyjson,/hot/data/github_daily/2017-10-15.json,./local-exp/c++-baseline/github/yyjson/output/part_6.csv,4.60032,0.542154,71.587112,910100,26107
yyjson,/hot/data/github_daily/2018-10-15.json,./local-exp/c++-baseline/github/yyjson/output/part_7.csv,9.42322,1.08368,71.587112,1522655,44404
yyjson,/hot/data/github_daily/2019-10-15.json,./local-exp/c++-baseline/github/yyjson/output/part_8.csv,14.4477,1.69849,71.587112,2134789,61337
yyjson,/hot/data/github_daily/2020-10-15.json,./local-exp/c++-baseline/github/yyjson/output/part_9.csv,21.7801,2.59423,71.587112,2963694,62354
yyjson,/hot/data/github_daily/2021-10-15.json,./local-exp/c++-baseline/github/yyjson/output/part_10.csv,6.84214,0.793496,71.587112,1078139,21313
mode,input_path,output_path,time_in_s,loading_time_in_s,total_time_in_s,input_row_count,output_row_count
yyjson,/hot/data/github_daily/2011-10-15.json,./local-exp/c++-baseline/github/yyjson/output/part_0.csv,0.196519,0.0200146,73.235224,48899,1418
yyjson,/hot/data/github_daily/2012-10-15.json,./local-exp/c++-baseline/github/yyjson/output/part_1.csv,0.683091,0.0528215,73.235224,165692,5907
yyjson,/hot/data/github_daily/2013-10-15.json,./local-exp/c++-baseline/github/yyjson/output/part_2.csv,1.33999,0.129669,73.235224,296456,10628
yyjson,/hot/data/github_daily/2014-10-15.json,./local-exp/c++-baseline/github/yyjson/output/part_3.csv,4.80591,0.629,73.235224,476393,16014
yyjson,/hot/data/github_daily/2015-10-15.json,./local-exp/c++-baseline/github/yyjson/output/part_4.csv,4.38764,0.515394,73.235224,737714,25301
yyjson,/hot/data/github_daily/2016-10-15.json,./local-exp/c++-baseline/github/yyjson/output/part_5.csv,3.46224,0.406549,73.235224,678134,19412
yyjson,/hot/data/github_daily/2017-10-15.json,./local-exp/c++-baseline/github/yyjson/output/part_6.csv,4.67781,0.528378,73.235224,910100,26107
yyjson,/hot/data/github_daily/2018-10-15.json,./local-exp/c++-baseline/github/yyjson/output/part_7.csv,9.7221,1.09997,73.235224,1522655,44404
yyjson,/hot/data/github_daily/2019-10-15.json,./local-exp/c++-baseline/github/yyjson/output/part_8.csv,14.827,1.69256,73.235224,2134789,61337
yyjson,/hot/data/github_daily/2020-10-15.json,./local-exp/c++-baseline/github/yyjson/output/part_9.csv,21.9413,2.49964,73.235224,2963694,62354
yyjson,/hot/data/github_daily/2021-10-15.json,./local-exp/c++-baseline/github/yyjson/output/part_10.csv,7.19139,0.825822,73.235224,1078139,21313
