mode,input_path,output_path,time_in_s,loading_time_in_s,total_time_in_s,input_row_count,output_row_count
best,/hot/data/github_daily/2011-10-15.json,./local-exp/c++-baseline/github/best/output/part_0.csv,0.0717006,0.0268752,27.263093,48899,1418
best,/hot/data/github_daily/2012-10-15.json,./local-exp/c++-baseline/github/best/output/part_1.csv,0.229977,0.0710127,27.263093,165692,5907
best,/hot/data/github_daily/2013-10-15.json,./local-exp/c++-baseline/github/best/output/part_2.csv,0.488011,0.174734,27.263093,296456,10628
best,/hot/data/github_daily/2014-10-15.json,./local-exp/c++-baseline/github/best/output/part_3.csv,1.93275,0.861738,27.263093,476393,16014
best,/hot/data/github_daily/2015-10-15.json,./local-exp/c++-baseline/github/best/output/part_4.csv,1.69593,0.695631,27.263093,737714,25301
best,/hot/data/github_daily/2016-10-15.json,./local-exp/c++-baseline/github/best/output/part_5.csv,1.33001,0.537128,27.263093,678134,19412
best,/hot/data/github_daily/2017-10-15.json,./local-exp/c++-baseline/github/best/output/part_6.csv,1.79679,0.720989,27.263093,910100,26107
best,/hot/data/github_daily/2018-10-15.json,./local-exp/c++-baseline/github/best/output/part_7.csv,3.67517,1.56607,27.263093,1522655,44404
best,/hot/data/github_daily/2019-10-15.json,./local-exp/c++-baseline/github/best/output/part_8.csv,5.36081,2.42365,27.263093,2134789,61337
best,/hot/data/github_daily/2020-10-15.json,./local-exp/c++-baseline/github/best/output/part_9.csv,7.91649,3.76528,27.263093,2963694,62354
best,/hot/data/github_daily/2021-10-15.json,./local-exp/c++-baseline/github/best/output/part_10.csv,2.76509,1.17009,27.263093,1078139,21313
mode,input_path,output_path,time_in_s,loading_time_in_s,total_time_in_s,input_row_count,output_row_count
best,/hot/data/github_daily/2011-10-15.json,./local-exp/c++-baseline/github/best/output/part_0.csv,0.0699741,0.0260069,27.592627,48899,1418
best,/hot/data/github_daily/2012-10-15.json,./local-exp/c++-baseline/github/best/output/part_1.csv,0.225927,0.0700986,27.592627,165692,5907
best,/hot/data/github_daily/2013-10-15.json,./local-exp/c++-baseline/github/best/output/part_2.csv,0.48676,0.171616,27.592627,296456,10628
best,/hot/data/github_daily/2014-10-15.json,./local-exp/c++-baseline/github/best/output/part_3.csv,1.9491,0.863752,27.592627,476393,16014
best,/hot/data/github_daily/2015-10-15.json,./local-exp/c++-baseline/github/best/output/part_4.csv,1.69878,0.695518,27.592627,737714,25301
best,/hot/data/github_daily/2016-10-15.json,./local-exp/c++-baseline/github/best/output/part_5.csv,1.33192,0.537954,27.592627,678134,19412
best,/hot/data/github_daily/2017-10-15.json,./local-exp/c++-baseline/github/best/output/part_6.csv,1.80684,0.720917,27.592627,910100,26107
best,/hot/data/github_daily/2018-10-15.json,./local-exp/c++-baseline/github/best/output/part_7.csv,3.6873,1.56551,27.592627,1522655,44404
best,/hot/data/github_daily/2019-10-15.json,./local-exp/c++-baseline/github/best/output/part_8.csv,5.38334,2.42292,27.592627,2134789,61337
best,/hot/data/github_daily/2020-10-15.json,./local-exp/c++-baseline/github/best/output/part_9.csv,8.0929,3.77249,27.592627,2963694,62354
best,/hot/data/github_daily/2021-10-15.json,./local-exp/c++-baseline/github/best/output/part_10.csv,2.85955,1.21489,27.592627,1078139,21313
mode,input_path,output_path,time_in_s,loading_time_in_s,total_time_in_s,input_row_count,output_row_count
best,/hot/data/github_daily/2011-10-15.json,./local-exp/c++-baseline/github/best/output/part_0.csv,0.0715558,0.0270794,27.432506,48899,1418
best,/hot/data/github_daily/2012-10-15.json,./local-exp/c++-baseline/github/best/output/part_1.csv,0.226272,0.0715144,27.432506,165692,5907
best,/hot/data/github_daily/2013-10-15.json,./local-exp/c++-baseline/github/best/output/part_2.csv,0.483602,0.171903,27.432506,296456,10628
best,/hot/data/github_daily/2014-10-15.json,./local-exp/c++-baseline/github/best/output/part_3.csv,1.93757,0.864133,27.432506,476393,16014
best,/hot/data/github_daily/2015-10-15.json,./local-exp/c++-baseline/github/best/output/part_4.csv,1.70332,0.696612,27.432506,737714,25301
best,/hot/data/github_daily/2016-10-15.json,./local-exp/c++-baseline/github/best/output/part_5.csv,1.33136,0.537159,27.432506,678134,19412
best,/hot/data/github_daily/2017-10-15.json,./local-exp/c++-baseline/github/best/output/part_6.csv,1.79962,0.720333,27.432506,910100,26107
best,/hot/data/github_daily/2018-10-15.json,./local-exp/c++-baseline/github/best/output/part_7.csv,3.68896,1.56541,27.432506,1522655,44404
best,/hot/data/github_daily/2019-10-15.json,./local-exp/c++-baseline/github/best/output/part_8.csv,5.35916,2.42293,27.432506,2134789,61337
best,/hot/data/github_daily/2020-10-15.json,./local-exp/c++-baseline/github/best/output/part_9.csv,8.07455,3.76536,27.432506,2963694,62354
best,/hot/data/github_daily/2021-10-15.json,./local-exp/c++-baseline/github/best/output/part_10.csv,2.7563,1.16924,27.432506,1078139,21313
mode,input_path,output_path,time_in_s,loading_time_in_s,total_time_in_s,input_row_count,output_row_count
best,/hot/data/github_daily/2011-10-15.json,./local-exp/c++-baseline/github/best/output/part_0.csv,0.0721182,0.0278628,27.528762,48899,1418
best,/hot/data/github_daily/2012-10-15.json,./local-exp/c++-baseline/github/best/output/part_1.csv,0.22489,0.0713887,27.528762,165692,5907
best,/hot/data/github_daily/2013-10-15.json,./local-exp/c++-baseline/github/best/output/part_2.csv,0.490884,0.172421,27.528762,296456,10628
best,/hot/data/github_daily/2014-10-15.json,./local-exp/c++-baseline/github/best/output/part_3.csv,1.95281,0.861894,27.528762,476393,16014
best,/hot/data/github_daily/2015-10-15.json,./local-exp/c++-baseline/github/best/output/part_4.csv,1.7167,0.696974,27.528762,737714,25301
best,/hot/data/github_daily/2016-10-15.json,./local-exp/c++-baseline/github/best/output/part_5.csv,1.33389,0.538836,27.528762,678134,19412
best,/hot/data/github_daily/2017-10-15.json,./local-exp/c++-baseline/github/best/output/part_6.csv,1.82757,0.723012,27.528762,910100,26107
best,/hot/data/github_daily/2018-10-15.json,./local-exp/c++-baseline/github/best/output/part_7.csv,3.72218,1.56562,27.528762,1522655,44404
best,/hot/data/github_daily/2019-10-15.json,./local-exp/c++-baseline/github/best/output/part_8.csv,5.41944,2.4273,27.528762,2134789,61337
best,/hot/data/github_daily/2020-10-15.json,./local-exp/c++-baseline/github/best/output/part_9.csv,8,3.77282,27.528762,2963694,62354
best,/hot/data/github_daily/2021-10-15.json,./local-exp/c++-baseline/github/best/output/part_10.csv,2.76799,1.17322,27.528762,1078139,21313
mode,input_path,output_path,time_in_s,loading_time_in_s,total_time_in_s,input_row_count,output_row_count
best,/hot/data/github_daily/2011-10-15.json,./local-exp/c++-baseline/github/best/output/part_0.csv,0.0713229,0.0271451,27.404367,48899,1418
best,/hot/data/github_daily/2012-10-15.json,./local-exp/c++-baseline/github/best/output/part_1.csv,0.22538,0.07152,27.404367,165692,5907
best,/hot/data/github_daily/2013-10-15.json,./local-exp/c++-baseline/github/best/output/part_2.csv,0.485636,0.171729,27.404367,296456,10628
best,/hot/data/github_daily/2014-10-15.json,./local-exp/c++-baseline/github/best/output/part_3.csv,1.94023,0.860293,27.404367,476393,16014
best,/hot/data/github_daily/2015-10-15.json,./local-exp/c++-baseline/github/best/output/part_4.csv,1.69898,0.695801,27.404367,737714,25301
best,/hot/data/github_daily/2016-10-15.json,./local-exp/c++-baseline/github/best/output/part_5.csv,1.32607,0.536561,27.404367,678134,19412
best,/hot/data/github_daily/2017-10-15.json,./local-exp/c++-baseline/github/best/output/part_6.csv,1.79883,0.719588,27.404367,910100,26107
best,/hot/data/github_daily/2018-10-15.json,./local-exp/c++-baseline/github/best/output/part_7.csv,3.67701,1.56375,27.404367,1522655,44404
best,/hot/data/github_daily/2019-10-15.json,./local-exp/c++-baseline/github/best/output/part_8.csv,5.36779,2.42139,27.404367,2134789,61337
best,/hot/data/github_daily/2020-10-15.json,./local-exp/c++-baseline/github/best/output/part_9.csv,8.04713,3.76752,27.404367,2963694,62354
best,/hot/data/github_daily/2021-10-15.json,./local-exp/c++-baseline/github/best/output/part_10.csv,2.76575,1.16869,27.404367,1078139,21313
mode,input_path,output_path,time_in_s,loading_time_in_s,total_time_in_s,input_row_count,output_row_count
best,/hot/data/github_daily/2011-10-15.json,./local-exp/c++-baseline/github/best/output/part_0.csv,0.0712959,0.0270019,27.417259,48899,1418
best,/hot/data/github_daily/2012-10-15.json,./local-exp/c++-baseline/github/best/output/part_1.csv,0.230791,0.0715336,27.417259,165692,5907
best,/hot/data/github_daily/2013-10-15.json,./local-exp/c++-baseline/github/best/output/part_2.csv,0.483039,0.172679,27.417259,296456,10628
best,/hot/data/github_daily/2014-10-15.json,./local-exp/c++-baseline/github/best/output/part_3.csv,1.94091,0.860946,27.417259,476393,16014
best,/hot/data/github_daily/2015-10-15.json,./local-exp/c++-baseline/github/best/output/part_4.csv,1.69477,0.697443,27.417259,737714,25301
best,/hot/data/github_daily/2016-10-15.json,./local-exp/c++-baseline/github/best/output/part_5.csv,1.33728,0.538136,27.417259,678134,19412
best,/hot/data/github_daily/2017-10-15.json,./local-exp/c++-baseline/github/best/output/part_6.csv,1.79938,0.721327,27.417259,910100,26107
best,/hot/data/github_daily/2018-10-15.json,./local-exp/c++-baseline/github/best/output/part_7.csv,3.71533,1.56676,27.417259,1522655,44404
best,/hot/data/github_daily/2019-10-15.json,./local-exp/c++-baseline/github/best/output/part_8.csv,5.36023,2.42502,27.417259,2134789,61337
best,/hot/data/github_daily/2020-10-15.json,./local-exp/c++-baseline/github/best/output/part_9.csv,8.02596,3.77117,27.417259,2963694,62354
best,/hot/data/github_daily/2021-10-15.json,./local-exp/c++-baseline/github/best/output/part_10.csv,2.75804,1.16869,27.417259,1078139,21313
