mode,input_path,output_path,time_in_s,loading_time_in_s,total_time_in_s,input_row_count,output_row_count
cjson,/hot/data/github_daily/2011-10-15.json,./local-exp/c++-baseline/github/cjson/output/part_0.csv,0.375822,0.0270323,157.120960,48899,1418
cjson,/hot/data/github_daily/2012-10-15.json,./local-exp/c++-baseline/github/cjson/output/part_1.csv,1.29049,0.0714422,157.120960,165692,5907
cjson,/hot/data/github_daily/2013-10-15.json,./local-exp/c++-baseline/github/cjson/output/part_2.csv,2.74316,0.171615,157.120960,296456,10628
cjson,/hot/data/github_daily/2014-10-15.json,./local-exp/c++-baseline/github/cjson/output/part_3.csv,10.4841,0.858181,157.120960,476393,16014
cjson,/hot/data/github_daily/2015-10-15.json,./local-exp/c++-baseline/github/cjson/output/part_4.csv,9.09758,0.6931,157.120960,737714,25301
cjson,/hot/data/github_daily/2016-10-15.json,./local-exp/c++-baseline/github/cjson/output/part_5.csv,7.11278,0.535741,157.120960,678134,19412
cjson,/hot/data/github_daily/2017-10-15.json,./local-exp/c++-baseline/github/cjson/output/part_6.csv,9.63713,0.716421,157.120960,910100,26107
cjson,/hot/data/github_daily/2018-10-15.json,./local-exp/c++-baseline/github/cjson/output/part_7.csv,20.5277,1.55839,157.120960,1522655,44404
cjson,/hot/data/github_daily/2019-10-15.json,./local-exp/c++-baseline/github/cjson/output/part_8.csv,31.662,2.41594,157.120960,2134789,61337
cjson,/hot/data/github_daily/2020-10-15.json,./local-exp/c++-baseline/github/cjson/output/part_9.csv,49.2446,3.75836,157.120960,2963694,62354
cjson,/hot/data/github_daily/2021-10-15.json,./local-exp/c++-baseline/github/cjson/output/part_10.csv,14.9453,1.17016,157.120960,1078139,21313
mode,input_path,output_path,time_in_s,loading_time_in_s,total_time_in_s,input_row_count,output_row_count
cjson,/hot/data/github_daily/2011-10-15.json,./local-exp/c++-baseline/github/cjson/output/part_0.csv,0.380302,0.0270792,157.343171,48899,1418
cjson,/hot/data/github_daily/2012-10-15.json,./local-exp/c++-baseline/github/cjson/output/part_1.csv,1.30913,0.0717502,157.343171,165692,5907
cjson,/hot/data/github_daily/2013-10-15.json,./local-exp/c++-baseline/github/cjson/output/part_2.csv,2.74316,0.171849,157.343171,296456,10628
cjson,/hot/data/github_daily/2014-10-15.json,./local-exp/c++-baseline/github/cjson/output/part_3.csv,10.4136,0.861605,157.343171,476393,16014
cjson,/hot/data/github_daily/2015-10-15.json,./local-exp/c++-baseline/github/cjson/output/part_4.csv,9.10751,0.695141,157.343171,737714,25301
cjson,/hot/data/github_daily/2016-10-15.json,./local-exp/c++-baseline/github/cjson/output/part_5.csv,7.10651,0.537049,157.343171,678134,19412
cjson,/hot/data/github_daily/2017-10-15.json,./local-exp/c++-baseline/github/cjson/output/part_6.csv,9.66726,0.722684,157.343171,910100,26107
cjson,/hot/data/github_daily/2018-10-15.json,./local-exp/c++-baseline/github/cjson/output/part_7.csv,20.5609,1.56663,157.343171,1522655,44404
cjson,/hot/data/github_daily/2019-10-15.json,./local-exp/c++-baseline/github/cjson/output/part_8.csv,31.8175,2.42202,157.343171,2134789,61337
cjson,/hot/data/github_daily/2020-10-15.json,./local-exp/c++-baseline/github/cjson/output/part_9.csv,49.3725,3.76803,157.343171,2963694,62354
cjson,/hot/data/github_daily/2021-10-15.json,./local-exp/c++-baseline/github/cjson/output/part_10.csv,14.8646,1.16956,157.343171,1078139,21313
mode,input_path,output_path,time_in_s,loading_time_in_s,total_time_in_s,input_row_count,output_row_count
cjson,/hot/data/github_daily/2011-10-15.json,./local-exp/c++-baseline/github/cjson/output/part_0.csv,0.377698,0.0272504,156.021824,48899,1418
cjson,/hot/data/github_daily/2012-10-15.json,./local-exp/c++-baseline/github/cjson/output/part_1.csv,1.2951,0.0719665,156.021824,165692,5907
cjson,/hot/data/github_daily/2013-10-15.json,./local-exp/c++-baseline/github/cjson/output/part_2.csv,2.7348,0.171562,156.021824,296456,10628
cjson,/hot/data/github_daily/2014-10-15.json,./local-exp/c++-baseline/github/cjson/output/part_3.csv,10.4096,0.862499,156.021824,476393,16014
cjson,/hot/data/github_daily/2015-10-15.json,./local-exp/c++-baseline/github/cjson/output/part_4.csv,9.08882,0.695782,156.021824,737714,25301
cjson,/hot/data/github_daily/2016-10-15.json,./local-exp/c++-baseline/github/cjson/output/part_5.csv,7.10241,0.537359,156.021824,678134,19412
cjson,/hot/data/github_daily/2017-10-15.json,./local-exp/c++-baseline/github/cjson/output/part_6.csv,9.64348,0.720316,156.021824,910100,26107
cjson,/hot/data/github_daily/2018-10-15.json,./local-exp/c++-baseline/github/cjson/output/part_7.csv,20.4012,1.56313,156.021824,1522655,44404
cjson,/hot/data/github_daily/2019-10-15.json,./local-exp/c++-baseline/github/cjson/output/part_8.csv,31.3398,2.42249,156.021824,2134789,61337
cjson,/hot/data/github_daily/2020-10-15.json,./local-exp/c++-baseline/github/cjson/output/part_9.csv,48.7789,3.76463,156.021824,2963694,62354
cjson,/hot/data/github_daily/2021-10-15.json,./local-exp/c++-baseline/github/cjson/output/part_10.csv,14.8498,1.16956,156.021824,1078139,21313
mode,input_path,output_path,time_in_s,loading_time_in_s,total_time_in_s,input_row_count,output_row_count
cjson,/hot/data/github_daily/2011-10-15.json,./local-exp/c++-baseline/github/cjson/output/part_0.csv,0.382819,0.0276711,156.730463,48899,1418
cjson,/hot/data/github_daily/2012-10-15.json,./local-exp/c++-baseline/github/cjson/output/part_1.csv,1.30358,0.0721059,156.730463,165692,5907
cjson,/hot/data/github_daily/2013-10-15.json,./local-exp/c++-baseline/github/cjson/output/part_2.csv,2.73796,0.172227,156.730463,296456,10628
cjson,/hot/data/github_daily/2014-10-15.json,./local-exp/c++-baseline/github/cjson/output/part_3.csv,10.406,0.86031,156.730463,476393,16014
cjson,/hot/data/github_daily/2015-10-15.json,./local-exp/c++-baseline/github/cjson/output/part_4.csv,9.09056,0.696132,156.730463,737714,25301
cjson,/hot/data/github_daily/2016-10-15.json,./local-exp/c++-baseline/github/cjson/output/part_5.csv,7.09341,0.536571,156.730463,678134,19412
cjson,/hot/data/github_daily/2017-10-15.json,./local-exp/c++-baseline/github/cjson/output/part_6.csv,9.65653,0.720327,156.730463,910100,26107
cjson,/hot/data/github_daily/2018-10-15.json,./local-exp/c++-baseline/github/cjson/output/part_7.csv,20.4702,1.5646,156.730463,1522655,44404
cjson,/hot/data/github_daily/2019-10-15.json,./local-exp/c++-baseline/github/cjson/output/part_8.csv,31.6534,2.42119,156.730463,2134789,61337
cjson,/hot/data/github_daily/2020-10-15.json,./local-exp/c++-baseline/github/cjson/output/part_9.csv,48.9974,3.77007,156.730463,2963694,62354
cjson,/hot/data/github_daily/2021-10-15.json,./local-exp/c++-baseline/github/cjson/output/part_10.csv,14.9383,1.16907,156.730463,1078139,21313
mode,input_path,output_path,time_in_s,loading_time_in_s,total_time_in_s,input_row_count,output_row_count
cjson,/hot/data/github_daily/2011-10-15.json,./local-exp/c++-baseline/github/cjson/output/part_0.csv,0.377496,0.0271466,156.419225,48899,1418
cjson,/hot/data/github_daily/2012-10-15.json,./local-exp/c++-baseline/github/cjson/output/part_1.csv,1.31236,0.071603,156.419225,165692,5907
cjson,/hot/data/github_daily/2013-10-15.json,./local-exp/c++-baseline/github/cjson/output/part_2.csv,2.71393,0.17258,156.419225,296456,10628
cjson,/hot/data/github_daily/2014-10-15.json,./local-exp/c++-baseline/github/cjson/output/part_3.csv,10.3622,0.862147,156.419225,476393,16014
cjson,/hot/data/github_daily/2015-10-15.json,./local-exp/c++-baseline/github/cjson/output/part_4.csv,9.06785,0.697208,156.419225,737714,25301
cjson,/hot/data/github_daily/2016-10-15.json,./local-exp/c++-baseline/github/cjson/output/part_5.csv,7.1019,0.539005,156.419225,678134,19412
cjson,/hot/data/github_daily/2017-10-15.json,./local-exp/c++-baseline/github/cjson/output/part_6.csv,9.6218,0.721762,156.419225,910100,26107
cjson,/hot/data/github_daily/2018-10-15.json,./local-exp/c++-baseline/github/cjson/output/part_7.csv,20.4159,1.56672,156.419225,1522655,44404
cjson,/hot/data/github_daily/2019-10-15.json,./local-exp/c++-baseline/github/cjson/output/part_8.csv,31.6668,2.42648,156.419225,2134789,61337
cjson,/hot/data/github_daily/2020-10-15.json,./local-exp/c++-baseline/github/cjson/output/part_9.csv,48.9986,3.77674,156.419225,2963694,62354
cjson,/hot/data/github_daily/2021-10-15.json,./local-exp/c++-baseline/github/cjson/output/part_10.csv,14.7803,1.17096,156.419225,1078139,21313
mode,input_path,output_path,time_in_s,loading_time_in_s,total_time_in_s,input_row_count,output_row_count
cjson,/hot/data/github_daily/2011-10-15.json,./local-exp/c++-baseline/github/cjson/output/part_0.csv,0.381628,0.0270715,157.991826,48899,1418
cjson,/hot/data/github_daily/2012-10-15.json,./local-exp/c++-baseline/github/cjson/output/part_1.csv,1.3144,0.0717886,157.991826,165692,5907
cjson,/hot/data/github_daily/2013-10-15.json,./local-exp/c++-baseline/github/cjson/output/part_2.csv,2.73582,0.172757,157.991826,296456,10628
cjson,/hot/data/github_daily/2014-10-15.json,./local-exp/c++-baseline/github/cjson/output/part_3.csv,10.5231,0.860864,157.991826,476393,16014
cjson,/hot/data/github_daily/2015-10-15.json,./local-exp/c++-baseline/github/cjson/output/part_4.csv,9.17417,0.694874,157.991826,737714,25301
cjson,/hot/data/github_daily/2016-10-15.json,./local-exp/c++-baseline/github/cjson/output/part_5.csv,7.17302,0.540512,157.991826,678134,19412
cjson,/hot/data/github_daily/2017-10-15.json,./local-exp/c++-baseline/github/cjson/output/part_6.csv,9.7623,0.721351,157.991826,910100,26107
cjson,/hot/data/github_daily/2018-10-15.json,./local-exp/c++-baseline/github/cjson/output/part_7.csv,20.7293,1.56316,157.991826,1522655,44404
cjson,/hot/data/github_daily/2019-10-15.json,./local-exp/c++-baseline/github/cjson/output/part_8.csv,32.0217,2.42048,157.991826,2134789,61337
cjson,/hot/data/github_daily/2020-10-15.json,./local-exp/c++-baseline/github/cjson/output/part_9.csv,49.1819,3.769,157.991826,2963694,62354
cjson,/hot/data/github_daily/2021-10-15.json,./local-exp/c++-baseline/github/cjson/output/part_10.csv,14.9942,1.16862,157.991826,1078139,21313
