mode,input_path,output_path,time_in_s,loading_time_in_s,total_time_in_s,input_row_count,output_row_count
cstruct,/hot/data/github_daily/2011-10-15.json,./local-exp/c++-baseline/github/cstruct/output/part_0.csv,0.0908187,0.0281792,31.166925,48899,1418
cstruct,/hot/data/github_daily/2012-10-15.json,./local-exp/c++-baseline/github/cstruct/output/part_1.csv,0.24555,0.0713508,31.166925,165692,5907
cstruct,/hot/data/github_daily/2013-10-15.json,./local-exp/c++-baseline/github/cstruct/output/part_2.csv,0.518454,0.170653,31.166925,296456,10628
cstruct,/hot/data/github_daily/2014-10-15.json,./local-exp/c++-baseline/github/cstruct/output/part_3.csv,1.988,0.858785,31.166925,476393,16014
cstruct,/hot/data/github_daily/2015-10-15.json,./local-exp/c++-baseline/github/cstruct/output/part_4.csv,1.97008,0.693145,31.166925,737714,25301
cstruct,/hot/data/github_daily/2016-10-15.json,./local-exp/c++-baseline/github/cstruct/output/part_5.csv,1.57717,0.535912,31.166925,678134,19412
cstruct,/hot/data/github_daily/2017-10-15.json,./local-exp/c++-baseline/github/cstruct/output/part_6.csv,2.12049,0.717073,31.166925,910100,26107
cstruct,/hot/data/github_daily/2018-10-15.json,./local-exp/c++-baseline/github/cstruct/output/part_7.csv,4.24093,1.56224,31.166925,1522655,44404
cstruct,/hot/data/github_daily/2019-10-15.json,./local-exp/c++-baseline/github/cstruct/output/part_8.csv,6.13966,2.41442,31.166925,2134789,61337
cstruct,/hot/data/github_daily/2020-10-15.json,./local-exp/c++-baseline/github/cstruct/output/part_9.csv,9.08458,3.75599,31.166925,2963694,62354
cstruct,/hot/data/github_daily/2021-10-15.json,./local-exp/c++-baseline/github/cstruct/output/part_10.csv,3.1908,1.16795,31.166925,1078139,21313
mode,input_path,output_path,time_in_s,loading_time_in_s,total_time_in_s,input_row_count,output_row_count
cstruct,/hot/data/github_daily/2011-10-15.json,./local-exp/c++-baseline/github/cstruct/output/part_0.csv,0.0903986,0.0271647,31.308953,48899,1418
cstruct,/hot/data/github_daily/2012-10-15.json,./local-exp/c++-baseline/github/cstruct/output/part_1.csv,0.246998,0.0718549,31.308953,165692,5907
cstruct,/hot/data/github_daily/2013-10-15.json,./local-exp/c++-baseline/github/cstruct/output/part_2.csv,0.533019,0.171931,31.308953,296456,10628
cstruct,/hot/data/github_daily/2014-10-15.json,./local-exp/c++-baseline/github/cstruct/output/part_3.csv,1.99416,0.862713,31.308953,476393,16014
cstruct,/hot/data/github_daily/2015-10-15.json,./local-exp/c++-baseline/github/cstruct/output/part_4.csv,2.01337,0.695828,31.308953,737714,25301
cstruct,/hot/data/github_daily/2016-10-15.json,./local-exp/c++-baseline/github/cstruct/output/part_5.csv,1.58332,0.539078,31.308953,678134,19412
cstruct,/hot/data/github_daily/2017-10-15.json,./local-exp/c++-baseline/github/cstruct/output/part_6.csv,2.13663,0.719166,31.308953,910100,26107
cstruct,/hot/data/github_daily/2018-10-15.json,./local-exp/c++-baseline/github/cstruct/output/part_7.csv,4.33121,1.56333,31.308953,1522655,44404
cstruct,/hot/data/github_daily/2019-10-15.json,./local-exp/c++-baseline/github/cstruct/output/part_8.csv,6.15403,2.42388,31.308953,2134789,61337
cstruct,/hot/data/github_daily/2020-10-15.json,./local-exp/c++-baseline/github/cstruct/output/part_9.csv,9.02653,3.76549,31.308953,2963694,62354
cstruct,/hot/data/github_daily/2021-10-15.json,./local-exp/c++-baseline/github/cstruct/output/part_10.csv,3.19901,1.17445,31.308953,1078139,21313
mode,input_path,output_path,time_in_s,loading_time_in_s,total_time_in_s,input_row_count,output_row_count
cstruct,/hot/data/github_daily/2011-10-15.json,./local-exp/c++-baseline/github/cstruct/output/part_0.csv,0.0927695,0.0269845,31.530751,48899,1418
cstruct,/hot/data/github_daily/2012-10-15.json,./local-exp/c++-baseline/github/cstruct/output/part_1.csv,0.249063,0.0716913,31.530751,165692,5907
cstruct,/hot/data/github_daily/2013-10-15.json,./local-exp/c++-baseline/github/cstruct/output/part_2.csv,0.533546,0.171088,31.530751,296456,10628
cstruct,/hot/data/github_daily/2014-10-15.json,./local-exp/c++-baseline/github/cstruct/output/part_3.csv,2.00246,0.86114,31.530751,476393,16014
cstruct,/hot/data/github_daily/2015-10-15.json,./local-exp/c++-baseline/github/cstruct/output/part_4.csv,2.00397,0.694322,31.530751,737714,25301
cstruct,/hot/data/github_daily/2016-10-15.json,./local-exp/c++-baseline/github/cstruct/output/part_5.csv,1.59818,0.536521,31.530751,678134,19412
cstruct,/hot/data/github_daily/2017-10-15.json,./local-exp/c++-baseline/github/cstruct/output/part_6.csv,2.1526,0.71981,31.530751,910100,26107
cstruct,/hot/data/github_daily/2018-10-15.json,./local-exp/c++-baseline/github/cstruct/output/part_7.csv,4.28833,1.56645,31.530751,1522655,44404
cstruct,/hot/data/github_daily/2019-10-15.json,./local-exp/c++-baseline/github/cstruct/output/part_8.csv,6.21734,2.42514,31.530751,2134789,61337
cstruct,/hot/data/github_daily/2020-10-15.json,./local-exp/c++-baseline/github/cstruct/output/part_9.csv,9.16451,3.7686,31.530751,2963694,62354
cstruct,/hot/data/github_daily/2021-10-15.json,./local-exp/c++-baseline/github/cstruct/output/part_10.csv,3.22774,1.1703,31.530751,1078139,21313
mode,input_path,output_path,time_in_s,loading_time_in_s,total_time_in_s,input_row_count,output_row_count
cstruct,/hot/data/github_daily/2011-10-15.json,./local-exp/c++-baseline/github/cstruct/output/part_0.csv,0.0906702,0.0272878,31.356727,48899,1418
cstruct,/hot/data/github_daily/2012-10-15.json,./local-exp/c++-baseline/github/cstruct/output/part_1.csv,0.246714,0.0717244,31.356727,165692,5907
cstruct,/hot/data/github_daily/2013-10-15.json,./local-exp/c++-baseline/github/cstruct/output/part_2.csv,0.52915,0.171559,31.356727,296456,10628
cstruct,/hot/data/github_daily/2014-10-15.json,./local-exp/c++-baseline/github/cstruct/output/part_3.csv,1.99228,0.861603,31.356727,476393,16014
cstruct,/hot/data/github_daily/2015-10-15.json,./local-exp/c++-baseline/github/cstruct/output/part_4.csv,1.98647,0.696027,31.356727,737714,25301
cstruct,/hot/data/github_daily/2016-10-15.json,./local-exp/c++-baseline/github/cstruct/output/part_5.csv,1.58474,0.537906,31.356727,678134,19412
cstruct,/hot/data/github_daily/2017-10-15.json,./local-exp/c++-baseline/github/cstruct/output/part_6.csv,2.1614,0.721044,31.356727,910100,26107
cstruct,/hot/data/github_daily/2018-10-15.json,./local-exp/c++-baseline/github/cstruct/output/part_7.csv,4.26208,1.56713,31.356727,1522655,44404
cstruct,/hot/data/github_daily/2019-10-15.json,./local-exp/c++-baseline/github/cstruct/output/part_8.csv,6.15419,2.42326,31.356727,2134789,61337
cstruct,/hot/data/github_daily/2020-10-15.json,./local-exp/c++-baseline/github/cstruct/output/part_9.csv,9.13714,3.77238,31.356727,2963694,62354
cstruct,/hot/data/github_daily/2021-10-15.json,./local-exp/c++-baseline/github/cstruct/output/part_10.csv,3.21162,1.17337,31.356727,1078139,21313
mode,input_path,output_path,time_in_s,loading_time_in_s,total_time_in_s,input_row_count,output_row_count
cstruct,/hot/data/github_daily/2011-10-15.json,./local-exp/c++-baseline/github/cstruct/output/part_0.csv,0.0904698,0.0269974,31.379321,48899,1418
cstruct,/hot/data/github_daily/2012-10-15.json,./local-exp/c++-baseline/github/cstruct/output/part_1.csv,0.279503,0.071704,31.379321,165692,5907
cstruct,/hot/data/github_daily/2013-10-15.json,./local-exp/c++-baseline/github/cstruct/output/part_2.csv,0.521685,0.171386,31.379321,296456,10628
cstruct,/hot/data/github_daily/2014-10-15.json,./local-exp/c++-baseline/github/cstruct/output/part_3.csv,1.99309,0.860361,31.379321,476393,16014
cstruct,/hot/data/github_daily/2015-10-15.json,./local-exp/c++-baseline/github/cstruct/output/part_4.csv,1.98232,0.696044,31.379321,737714,25301
cstruct,/hot/data/github_daily/2016-10-15.json,./local-exp/c++-baseline/github/cstruct/output/part_5.csv,1.58342,0.538456,31.379321,678134,19412
cstruct,/hot/data/github_daily/2017-10-15.json,./local-exp/c++-baseline/github/cstruct/output/part_6.csv,2.13187,0.719739,31.379321,910100,26107
cstruct,/hot/data/github_daily/2018-10-15.json,./local-exp/c++-baseline/github/cstruct/output/part_7.csv,4.2559,1.56594,31.379321,1522655,44404
cstruct,/hot/data/github_daily/2019-10-15.json,./local-exp/c++-baseline/github/cstruct/output/part_8.csv,6.14527,2.42462,31.379321,2134789,61337
cstruct,/hot/data/github_daily/2020-10-15.json,./local-exp/c++-baseline/github/cstruct/output/part_9.csv,9.19632,3.76945,31.379321,2963694,62354
cstruct,/hot/data/github_daily/2021-10-15.json,./local-exp/c++-baseline/github/cstruct/output/part_10.csv,3.19922,1.17131,31.379321,1078139,21313
mode,input_path,output_path,time_in_s,loading_time_in_s,total_time_in_s,input_row_count,output_row_count
cstruct,/hot/data/github_daily/2011-10-15.json,./local-exp/c++-baseline/github/cstruct/output/part_0.csv,0.0915243,0.0279562,31.294427,48899,1418
cstruct,/hot/data/github_daily/2012-10-15.json,./local-exp/c++-baseline/github/cstruct/output/part_1.csv,0.246965,0.0715573,31.294427,165692,5907
cstruct,/hot/data/github_daily/2013-10-15.json,./local-exp/c++-baseline/github/cstruct/output/part_2.csv,0.52042,0.173345,31.294427,296456,10628
cstruct,/hot/data/github_daily/2014-10-15.json,./local-exp/c++-baseline/github/cstruct/output/part_3.csv,1.98906,0.860358,31.294427,476393,16014
cstruct,/hot/data/github_daily/2015-10-15.json,./local-exp/c++-baseline/github/cstruct/output/part_4.csv,1.98604,0.696503,31.294427,737714,25301
cstruct,/hot/data/github_daily/2016-10-15.json,./local-exp/c++-baseline/github/cstruct/output/part_5.csv,1.57808,0.538288,31.294427,678134,19412
cstruct,/hot/data/github_daily/2017-10-15.json,./local-exp/c++-baseline/github/cstruct/output/part_6.csv,2.15695,0.720159,31.294427,910100,26107
cstruct,/hot/data/github_daily/2018-10-15.json,./local-exp/c++-baseline/github/cstruct/output/part_7.csv,4.26128,1.56959,31.294427,1522655,44404
cstruct,/hot/data/github_daily/2019-10-15.json,./local-exp/c++-baseline/github/cstruct/output/part_8.csv,6.14015,2.42532,31.294427,2134789,61337
cstruct,/hot/data/github_daily/2020-10-15.json,./local-exp/c++-baseline/github/cstruct/output/part_9.csv,9.11821,3.76835,31.294427,2963694,62354
cstruct,/hot/data/github_daily/2021-10-15.json,./local-exp/c++-baseline/github/cstruct/output/part_10.csv,3.20548,1.17008,31.294427,1078139,21313
