mode,input_path,output_path,time_in_s,loading_time_in_s,total_time_in_s,input_row_count,output_row_count
tuplex-c++-cjson,/hot/data/github_daily/2011-10-15.json:0-78478920,,0.378069,,,159.716983,48899,1418
tuplex-c++-cjson,/hot/data/github_daily/2012-10-15.json:0-213794112,,2.55731,,,159.716983,165692,5907
tuplex-c++-cjson,/hot/data/github_daily/2013-10-15.json:0-533607666,,5.52631,,,159.716983,296456,10628
tuplex-c++-cjson,/hot/data/github_daily/2014-10-15.json:0-2656017942,,15.4485,,,159.716983,476393,16014
tuplex-c++-cjson,/hot/data/github_daily/2015-10-15.json:0-2102880576,,8.36403,,,159.716983,737714,25301
tuplex-c++-cjson,/hot/data/github_daily/2016-10-15.json:0-1611649363,,6.29685,,,159.716983,678134,19412
tuplex-c++-cjson,/hot/data/github_daily/2017-10-15.json:0-2204545177,,8.64722,,,159.716983,910100,26107
tuplex-c++-cjson,/hot/data/github_daily/2018-10-15.json:0-4857228670,,18.7749,,,159.716983,1522655,44404
tuplex-c++-cjson,/hot/data/github_daily/2019-10-15.json:0-7798708474,,29.6402,,,159.716983,2134789,61337
tuplex-c++-cjson,/hot/data/github_daily/2020-10-15.json:0-12445448390,,46.753,,,159.716983,2963694,62354
tuplex-c++-cjson,/hot/data/github_daily/2021-10-15.json:0-3573656628,,13.9089,,,159.716983,1078139,21313
mode,input_path,output_path,time_in_s,loading_time_in_s,total_time_in_s,input_row_count,output_row_count
tuplex-c++-cjson,/hot/data/github_daily/2011-10-15.json:0-78478920,,0.374988,,,160.525783,48899,1418
tuplex-c++-cjson,/hot/data/github_daily/2012-10-15.json:0-213794112,,2.51634,,,160.525783,165692,5907
tuplex-c++-cjson,/hot/data/github_daily/2013-10-15.json:0-533607666,,5.45034,,,160.525783,296456,10628
tuplex-c++-cjson,/hot/data/github_daily/2014-10-15.json:0-2656017942,,15.5415,,,160.525783,476393,16014
tuplex-c++-cjson,/hot/data/github_daily/2015-10-15.json:0-2102880576,,8.4008,,,160.525783,737714,25301
tuplex-c++-cjson,/hot/data/github_daily/2016-10-15.json:0-1611649363,,6.32788,,,160.525783,678134,19412
tuplex-c++-cjson,/hot/data/github_daily/2017-10-15.json:0-2204545177,,8.6507,,,160.525783,910100,26107
tuplex-c++-cjson,/hot/data/github_daily/2018-10-15.json:0-4857228670,,18.9047,,,160.525783,1522655,44404
tuplex-c++-cjson,/hot/data/github_daily/2019-10-15.json:0-7798708474,,29.7234,,,160.525783,2134789,61337
tuplex-c++-cjson,/hot/data/github_daily/2020-10-15.json:0-12445448390,,47.1628,,,160.525783,2963694,62354
tuplex-c++-cjson,/hot/data/github_daily/2021-10-15.json:0-3573656628,,14.0269,,,160.525783,1078139,21313
mode,input_path,output_path,time_in_s,loading_time_in_s,total_time_in_s,input_row_count,output_row_count
tuplex-c++-cjson,/hot/data/github_daily/2011-10-15.json:0-78478920,,0.373986,,,157.056986,48899,1418
tuplex-c++-cjson,/hot/data/github_daily/2012-10-15.json:0-213794112,,2.54087,,,157.056986,165692,5907
tuplex-c++-cjson,/hot/data/github_daily/2013-10-15.json:0-533607666,,5.50381,,,157.056986,296456,10628
tuplex-c++-cjson,/hot/data/github_daily/2014-10-15.json:0-2656017942,,15.4713,,,157.056986,476393,16014
tuplex-c++-cjson,/hot/data/github_daily/2015-10-15.json:0-2102880576,,8.28864,,,157.056986,737714,25301
tuplex-c++-cjson,/hot/data/github_daily/2016-10-15.json:0-1611649363,,6.20902,,,157.056986,678134,19412
tuplex-c++-cjson,/hot/data/github_daily/2017-10-15.json:0-2204545177,,8.48903,,,157.056986,910100,26107
tuplex-c++-cjson,/hot/data/github_daily/2018-10-15.json:0-4857228670,,18.2927,,,157.056986,1522655,44404
tuplex-c++-cjson,/hot/data/github_daily/2019-10-15.json:0-7798708474,,29.1033,,,157.056986,2134789,61337
tuplex-c++-cjson,/hot/data/github_daily/2020-10-15.json:0-12445448390,,45.8411,,,157.056986,2963694,62354
tuplex-c++-cjson,/hot/data/github_daily/2021-10-15.json:0-3573656628,,13.5672,,,157.056986,1078139,21313
mode,input_path,output_path,time_in_s,loading_time_in_s,total_time_in_s,input_row_count,output_row_count
tuplex-c++-cjson,/hot/data/github_daily/2011-10-15.json:0-78478920,,0.377786,,,160.711952,48899,1418
tuplex-c++-cjson,/hot/data/github_daily/2012-10-15.json:0-213794112,,2.58203,,,160.711952,165692,5907
tuplex-c++-cjson,/hot/data/github_daily/2013-10-15.json:0-533607666,,5.57164,,,160.711952,296456,10628
tuplex-c++-cjson,/hot/data/github_daily/2014-10-15.json:0-2656017942,,15.8996,,,160.711952,476393,16014
tuplex-c++-cjson,/hot/data/github_daily/2015-10-15.json:0-2102880576,,8.44959,,,160.711952,737714,25301
tuplex-c++-cjson,/hot/data/github_daily/2016-10-15.json:0-1611649363,,6.34354,,,160.711952,678134,19412
tuplex-c++-cjson,/hot/data/github_daily/2017-10-15.json:0-2204545177,,8.70789,,,160.711952,910100,26107
tuplex-c++-cjson,/hot/data/github_daily/2018-10-15.json:0-4857228670,,18.8035,,,160.711952,1522655,44404
tuplex-c++-cjson,/hot/data/github_daily/2019-10-15.json:0-7798708474,,29.6531,,,160.711952,2134789,61337
tuplex-c++-cjson,/hot/data/github_daily/2020-10-15.json:0-12445448390,,47.0462,,,160.711952,2963694,62354
tuplex-c++-cjson,/hot/data/github_daily/2021-10-15.json:0-3573656628,,13.8307,,,160.711952,1078139,21313
mode,input_path,output_path,time_in_s,loading_time_in_s,total_time_in_s,input_row_count,output_row_count
tuplex-c++-cjson,/hot/data/github_daily/2011-10-15.json:0-78478920,,0.374431,,,156.718222,48899,1418
tuplex-c++-cjson,/hot/data/github_daily/2012-10-15.json:0-213794112,,2.51983,,,156.718222,165692,5907
tuplex-c++-cjson,/hot/data/github_daily/2013-10-15.json:0-533607666,,5.4851,,,156.718222,296456,10628
tuplex-c++-cjson,/hot/data/github_daily/2014-10-15.json:0-2656017942,,15.2177,,,156.718222,476393,16014
tuplex-c++-cjson,/hot/data/github_daily/2015-10-15.json:0-2102880576,,8.17143,,,156.718222,737714,25301
tuplex-c++-cjson,/hot/data/github_daily/2016-10-15.json:0-1611649363,,6.20889,,,156.718222,678134,19412
tuplex-c++-cjson,/hot/data/github_daily/2017-10-15.json:0-2204545177,,8.49399,,,156.718222,910100,26107
tuplex-c++-cjson,/hot/data/github_daily/2018-10-15.json:0-4857228670,,18.3511,,,156.718222,1522655,44404
tuplex-c++-cjson,/hot/data/github_daily/2019-10-15.json:0-7798708474,,28.9355,,,156.718222,2134789,61337
tuplex-c++-cjson,/hot/data/github_daily/2020-10-15.json:0-12445448390,,45.9944,,,156.718222,2963694,62354
tuplex-c++-cjson,/hot/data/github_daily/2021-10-15.json:0-3573656628,,13.587,,,156.718222,1078139,21313
mode,input_path,output_path,time_in_s,loading_time_in_s,total_time_in_s,input_row_count,output_row_count
tuplex-c++-cjson,/hot/data/github_daily/2011-10-15.json:0-78478920,,0.375856,,,157.412966,48899,1418
tuplex-c++-cjson,/hot/data/github_daily/2012-10-15.json:0-213794112,,2.52932,,,157.412966,165692,5907
tuplex-c++-cjson,/hot/data/github_daily/2013-10-15.json:0-533607666,,5.45749,,,157.412966,296456,10628
tuplex-c++-cjson,/hot/data/github_daily/2014-10-15.json:0-2656017942,,15.3924,,,157.412966,476393,16014
tuplex-c++-cjson,/hot/data/github_daily/2015-10-15.json:0-2102880576,,8.27258,,,157.412966,737714,25301
tuplex-c++-cjson,/hot/data/github_daily/2016-10-15.json:0-1611649363,,6.23518,,,157.412966,678134,19412
tuplex-c++-cjson,/hot/data/github_daily/2017-10-15.json:0-2204545177,,8.51653,,,157.412966,910100,26107
tuplex-c++-cjson,/hot/data/github_daily/2018-10-15.json:0-4857228670,,18.4007,,,157.412966,1522655,44404
tuplex-c++-cjson,/hot/data/github_daily/2019-10-15.json:0-7798708474,,29.1348,,,157.412966,2134789,61337
tuplex-c++-cjson,/hot/data/github_daily/2020-10-15.json:0-12445448390,,46.0738,,,157.412966,2963694,62354
tuplex-c++-cjson,/hot/data/github_daily/2021-10-15.json:0-3573656628,,13.6465,,,157.412966,1078139,21313
