mode,input_path,output_path,time_in_s,loading_time_in_s,total_time_in_s,input_row_count,output_row_count
tuplex-c++-yyjson,/hot/data/github_daily/2011-10-15.json:0-78478920,,0.261397,,,103.770475,48899,1418
tuplex-c++-yyjson,/hot/data/github_daily/2012-10-15.json:0-213794112,,2.56301,,,103.770475,165692,5907
tuplex-c++-yyjson,/hot/data/github_daily/2013-10-15.json:0-533607666,,5.75495,,,103.770475,296456,10628
tuplex-c++-yyjson,/hot/data/github_daily/2014-10-15.json:0-2656017942,,14.9217,,,103.770475,476393,16014
tuplex-c++-yyjson,/hot/data/github_daily/2015-10-15.json:0-2102880576,,5.2299,,,103.770475,737714,25301
tuplex-c++-yyjson,/hot/data/github_daily/2016-10-15.json:0-1611649363,,3.92314,,,103.770475,678134,19412
tuplex-c++-yyjson,/hot/data/github_daily/2017-10-15.json:0-2204545177,,5.34669,,,103.770475,910100,26107
tuplex-c++-yyjson,/hot/data/github_daily/2018-10-15.json:0-4857228670,,11.1514,,,103.770475,1522655,44404
tuplex-c++-yyjson,/hot/data/github_daily/2019-10-15.json:0-7798708474,,17.1642,,,103.770475,2134789,61337
tuplex-c++-yyjson,/hot/data/github_daily/2020-10-15.json:0-12445448390,,25.8499,,,103.770475,2963694,62354
tuplex-c++-yyjson,/hot/data/github_daily/2021-10-15.json:0-3573656628,,7.81666,,,103.770475,1078139,21313
mode,input_path,output_path,time_in_s,loading_time_in_s,total_time_in_s,input_row_count,output_row_count
tuplex-c++-yyjson,/hot/data/github_daily/2011-10-15.json:0-78478920,,0.254435,,,100.734051,48899,1418
tuplex-c++-yyjson,/hot/data/github_daily/2012-10-15.json:0-213794112,,2.48254,,,100.734051,165692,5907
tuplex-c++-yyjson,/hot/data/github_daily/2013-10-15.json:0-533607666,,5.57892,,,100.734051,296456,10628
tuplex-c++-yyjson,/hot/data/github_daily/2014-10-15.json:0-2656017942,,14.5402,,,100.734051,476393,16014
tuplex-c++-yyjson,/hot/data/github_daily/2015-10-15.json:0-2102880576,,5.05393,,,100.734051,737714,25301
tuplex-c++-yyjson,/hot/data/github_daily/2016-10-15.json:0-1611649363,,3.8057,,,100.734051,678134,19412
tuplex-c++-yyjson,/hot/data/github_daily/2017-10-15.json:0-2204545177,,5.20065,,,100.734051,910100,26107
tuplex-c++-yyjson,/hot/data/github_daily/2018-10-15.json:0-4857228670,,10.8214,,,100.734051,1522655,44404
tuplex-c++-yyjson,/hot/data/github_daily/2019-10-15.json:0-7798708474,,16.7125,,,100.734051,2134789,61337
tuplex-c++-yyjson,/hot/data/github_daily/2020-10-15.json:0-12445448390,,24.9801,,,100.734051,2963694,62354
tuplex-c++-yyjson,/hot/data/github_daily/2021-10-15.json:0-3573656628,,7.62709,,,100.734051,1078139,21313
mode,input_path,output_path,time_in_s,loading_time_in_s,total_time_in_s,input_row_count,output_row_count
tuplex-c++-yyjson,/hot/data/github_daily/2011-10-15.json:0-78478920,,0.254684,,,100.865098,48899,1418
tuplex-c++-yyjson,/hot/data/github_daily/2012-10-15.json:0-213794112,,2.49588,,,100.865098,165692,5907
tuplex-c++-yyjson,/hot/data/github_daily/2013-10-15.json:0-533607666,,5.56288,,,100.865098,296456,10628
tuplex-c++-yyjson,/hot/data/github_daily/2014-10-15.json:0-2656017942,,14.5202,,,100.865098,476393,16014
tuplex-c++-yyjson,/hot/data/github_daily/2015-10-15.json:0-2102880576,,5.07322,,,100.865098,737714,25301
tuplex-c++-yyjson,/hot/data/github_daily/2016-10-15.json:0-1611649363,,3.8198,,,100.865098,678134,19412
tuplex-c++-yyjson,/hot/data/github_daily/2017-10-15.json:0-2204545177,,5.21754,,,100.865098,910100,26107
tuplex-c++-yyjson,/hot/data/github_daily/2018-10-15.json:0-4857228670,,10.8492,,,100.865098,1522655,44404
tuplex-c++-yyjson,/hot/data/github_daily/2019-10-15.json:0-7798708474,,16.6869,,,100.865098,2134789,61337
tuplex-c++-yyjson,/hot/data/github_daily/2020-10-15.json:0-12445448390,,25.0341,,,100.865098,2963694,62354
tuplex-c++-yyjson,/hot/data/github_daily/2021-10-15.json:0-3573656628,,7.64842,,,100.865098,1078139,21313
mode,input_path,output_path,time_in_s,loading_time_in_s,total_time_in_s,input_row_count,output_row_count
tuplex-c++-yyjson,/hot/data/github_daily/2011-10-15.json:0-78478920,,0.252255,,,100.748640,48899,1418
tuplex-c++-yyjson,/hot/data/github_daily/2012-10-15.json:0-213794112,,2.48697,,,100.748640,165692,5907
tuplex-c++-yyjson,/hot/data/github_daily/2013-10-15.json:0-533607666,,5.60232,,,100.748640,296456,10628
tuplex-c++-yyjson,/hot/data/github_daily/2014-10-15.json:0-2656017942,,14.4407,,,100.748640,476393,16014
tuplex-c++-yyjson,/hot/data/github_daily/2015-10-15.json:0-2102880576,,5.05769,,,100.748640,737714,25301
tuplex-c++-yyjson,/hot/data/github_daily/2016-10-15.json:0-1611649363,,3.81094,,,100.748640,678134,19412
tuplex-c++-yyjson,/hot/data/github_daily/2017-10-15.json:0-2204545177,,5.20693,,,100.748640,910100,26107
tuplex-c++-yyjson,/hot/data/github_daily/2018-10-15.json:0-4857228670,,10.834,,,100.748640,1522655,44404
tuplex-c++-yyjson,/hot/data/github_daily/2019-10-15.json:0-7798708474,,16.6783,,,100.748640,2134789,61337
tuplex-c++-yyjson,/hot/data/github_daily/2020-10-15.json:0-12445448390,,25.0603,,,100.748640,2963694,62354
tuplex-c++-yyjson,/hot/data/github_daily/2021-10-15.json:0-3573656628,,7.64139,,,100.748640,1078139,21313
mode,input_path,output_path,time_in_s,loading_time_in_s,total_time_in_s,input_row_count,output_row_count
tuplex-c++-yyjson,/hot/data/github_daily/2011-10-15.json:0-78478920,,0.253146,,,100.877560,48899,1418
tuplex-c++-yyjson,/hot/data/github_daily/2012-10-15.json:0-213794112,,2.47649,,,100.877560,165692,5907
tuplex-c++-yyjson,/hot/data/github_daily/2013-10-15.json:0-533607666,,5.62496,,,100.877560,296456,10628
tuplex-c++-yyjson,/hot/data/github_daily/2014-10-15.json:0-2656017942,,14.5291,,,100.877560,476393,16014
tuplex-c++-yyjson,/hot/data/github_daily/2015-10-15.json:0-2102880576,,5.09298,,,100.877560,737714,25301
tuplex-c++-yyjson,/hot/data/github_daily/2016-10-15.json:0-1611649363,,3.81506,,,100.877560,678134,19412
tuplex-c++-yyjson,/hot/data/github_daily/2017-10-15.json:0-2204545177,,5.21421,,,100.877560,910100,26107
tuplex-c++-yyjson,/hot/data/github_daily/2018-10-15.json:0-4857228670,,10.805,,,100.877560,1522655,44404
tuplex-c++-yyjson,/hot/data/github_daily/2019-10-15.json:0-7798708474,,16.6724,,,100.877560,2134789,61337
tuplex-c++-yyjson,/hot/data/github_daily/2020-10-15.json:0-12445448390,,25.0607,,,100.877560,2963694,62354
tuplex-c++-yyjson,/hot/data/github_daily/2021-10-15.json:0-3573656628,,7.63038,,,100.877560,1078139,21313
mode,input_path,output_path,time_in_s,loading_time_in_s,total_time_in_s,input_row_count,output_row_count
tuplex-c++-yyjson,/hot/data/github_daily/2011-10-15.json:0-78478920,,0.253353,,,100.969338,48899,1418
tuplex-c++-yyjson,/hot/data/github_daily/2012-10-15.json:0-213794112,,2.47391,,,100.969338,165692,5907
tuplex-c++-yyjson,/hot/data/github_daily/2013-10-15.json:0-533607666,,5.58137,,,100.969338,296456,10628
tuplex-c++-yyjson,/hot/data/github_daily/2014-10-15.json:0-2656017942,,14.538,,,100.969338,476393,16014
tuplex-c++-yyjson,/hot/data/github_daily/2015-10-15.json:0-2102880576,,5.07462,,,100.969338,737714,25301
tuplex-c++-yyjson,/hot/data/github_daily/2016-10-15.json:0-1611649363,,3.81535,,,100.969338,678134,19412
tuplex-c++-yyjson,/hot/data/github_daily/2017-10-15.json:0-2204545177,,5.20693,,,100.969338,910100,26107
tuplex-c++-yyjson,/hot/data/github_daily/2018-10-15.json:0-4857228670,,10.8892,,,100.969338,1522655,44404
tuplex-c++-yyjson,/hot/data/github_daily/2019-10-15.json:0-7798708474,,16.6958,,,100.969338,2134789,61337
tuplex-c++-yyjson,/hot/data/github_daily/2020-10-15.json:0-12445448390,,25.1072,,,100.969338,2963694,62354
tuplex-c++-yyjson,/hot/data/github_daily/2021-10-15.json:0-3573656628,,7.63526,,,100.969338,1078139,21313
