mode,input_path,output_path,time_in_s,loading_time_in_s,total_time_in_s,input_row_count,output_row_count
tuplex-c++-sparse,/hot/data/github_daily/2011-10-15.json:0-78478920,,0.158541,,,16.054896,48899,1418
tuplex-c++-sparse,/hot/data/github_daily/2012-10-15.json:0-213794112,,0.235799,,,16.054896,165692,5907
tuplex-c++-sparse,/hot/data/github_daily/2013-10-15.json:0-533607666,,0.329291,,,16.054896,296456,10628
tuplex-c++-sparse,/hot/data/github_daily/2014-10-15.json:0-2656017942,,0.837538,,,16.054896,476393,16014
tuplex-c++-sparse,/hot/data/github_daily/2015-10-15.json:0-2102880576,,0.979387,,,16.054896,737714,25301
tuplex-c++-sparse,/hot/data/github_daily/2016-10-15.json:0-1611649363,,0.832725,,,16.054896,678134,19412
tuplex-c++-sparse,/hot/data/github_daily/2017-10-15.json:0-2204545177,,1.08433,,,16.054896,910100,26107
tuplex-c++-sparse,/hot/data/github_daily/2018-10-15.json:0-4857228670,,2.07115,,,16.054896,1522655,44404
tuplex-c++-sparse,/hot/data/github_daily/2019-10-15.json:0-7798708474,,3.03412,,,16.054896,2134789,61337
tuplex-c++-sparse,/hot/data/github_daily/2020-10-15.json:0-12445448390,,4.6228,,,16.054896,2963694,62354
tuplex-c++-sparse,/hot/data/github_daily/2021-10-15.json:0-3573656628,,1.52608,,,16.054896,1078139,21313
mode,input_path,output_path,time_in_s,loading_time_in_s,total_time_in_s,input_row_count,output_row_count
tuplex-c++-sparse,/hot/data/github_daily/2011-10-15.json:0-78478920,,0.15185,,,16.476928,48899,1418
tuplex-c++-sparse,/hot/data/github_daily/2012-10-15.json:0-213794112,,0.231207,,,16.476928,165692,5907
tuplex-c++-sparse,/hot/data/github_daily/2013-10-15.json:0-533607666,,0.359072,,,16.476928,296456,10628
tuplex-c++-sparse,/hot/data/github_daily/2014-10-15.json:0-2656017942,,0.94537,,,16.476928,476393,16014
tuplex-c++-sparse,/hot/data/github_daily/2015-10-15.json:0-2102880576,,1.05199,,,16.476928,737714,25301
tuplex-c++-sparse,/hot/data/github_daily/2016-10-15.json:0-1611649363,,0.888268,,,16.476928,678134,19412
tuplex-c++-sparse,/hot/data/github_daily/2017-10-15.json:0-2204545177,,1.18618,,,16.476928,910100,26107
tuplex-c++-sparse,/hot/data/github_daily/2018-10-15.json:0-4857228670,,2.05731,,,16.476928,1522655,44404
tuplex-c++-sparse,/hot/data/github_daily/2019-10-15.json:0-7798708474,,3.03662,,,16.476928,2134789,61337
tuplex-c++-sparse,/hot/data/github_daily/2020-10-15.json:0-12445448390,,4.56765,,,16.476928,2963694,62354
tuplex-c++-sparse,/hot/data/github_daily/2021-10-15.json:0-3573656628,,1.65807,,,16.476928,1078139,21313
mode,input_path,output_path,time_in_s,loading_time_in_s,total_time_in_s,input_row_count,output_row_count
tuplex-c++-sparse,/hot/data/github_daily/2011-10-15.json:0-78478920,,0.153643,,,16.422786,48899,1418
tuplex-c++-sparse,/hot/data/github_daily/2012-10-15.json:0-213794112,,0.232639,,,16.422786,165692,5907
tuplex-c++-sparse,/hot/data/github_daily/2013-10-15.json:0-533607666,,0.356391,,,16.422786,296456,10628
tuplex-c++-sparse,/hot/data/github_daily/2014-10-15.json:0-2656017942,,0.950192,,,16.422786,476393,16014
tuplex-c++-sparse,/hot/data/github_daily/2015-10-15.json:0-2102880576,,0.99353,,,16.422786,737714,25301
tuplex-c++-sparse,/hot/data/github_daily/2016-10-15.json:0-1611649363,,0.831182,,,16.422786,678134,19412
tuplex-c++-sparse,/hot/data/github_daily/2017-10-15.json:0-2204545177,,1.08549,,,16.422786,910100,26107
tuplex-c++-sparse,/hot/data/github_daily/2018-10-15.json:0-4857228670,,2.09616,,,16.422786,1522655,44404
tuplex-c++-sparse,/hot/data/github_daily/2019-10-15.json:0-7798708474,,3.12195,,,16.422786,2134789,61337
tuplex-c++-sparse,/hot/data/github_daily/2020-10-15.json:0-12445448390,,4.69389,,,16.422786,2963694,62354
tuplex-c++-sparse,/hot/data/github_daily/2021-10-15.json:0-3573656628,,1.56746,,,16.422786,1078139,21313
mode,input_path,output_path,time_in_s,loading_time_in_s,total_time_in_s,input_row_count,output_row_count
tuplex-c++-sparse,/hot/data/github_daily/2011-10-15.json:0-78478920,,0.151433,,,15.993643,48899,1418
tuplex-c++-sparse,/hot/data/github_daily/2012-10-15.json:0-213794112,,0.23066,,,15.993643,165692,5907
tuplex-c++-sparse,/hot/data/github_daily/2013-10-15.json:0-533607666,,0.325316,,,15.993643,296456,10628
tuplex-c++-sparse,/hot/data/github_daily/2014-10-15.json:0-2656017942,,0.829853,,,15.993643,476393,16014
tuplex-c++-sparse,/hot/data/github_daily/2015-10-15.json:0-2102880576,,0.978355,,,15.993643,737714,25301
tuplex-c++-sparse,/hot/data/github_daily/2016-10-15.json:0-1611649363,,0.829065,,,15.993643,678134,19412
tuplex-c++-sparse,/hot/data/github_daily/2017-10-15.json:0-2204545177,,1.06565,,,15.993643,910100,26107
tuplex-c++-sparse,/hot/data/github_daily/2018-10-15.json:0-4857228670,,2.07304,,,15.993643,1522655,44404
tuplex-c++-sparse,/hot/data/github_daily/2019-10-15.json:0-7798708474,,3.02321,,,15.993643,2134789,61337
tuplex-c++-sparse,/hot/data/github_daily/2020-10-15.json:0-12445448390,,4.6276,,,15.993643,2963694,62354
tuplex-c++-sparse,/hot/data/github_daily/2021-10-15.json:0-3573656628,,1.51782,,,15.993643,1078139,21313
mode,input_path,output_path,time_in_s,loading_time_in_s,total_time_in_s,input_row_count,output_row_count
tuplex-c++-sparse,/hot/data/github_daily/2011-10-15.json:0-78478920,,0.152147,,,15.999329,48899,1418
tuplex-c++-sparse,/hot/data/github_daily/2012-10-15.json:0-213794112,,0.232028,,,15.999329,165692,5907
tuplex-c++-sparse,/hot/data/github_daily/2013-10-15.json:0-533607666,,0.326024,,,15.999329,296456,10628
tuplex-c++-sparse,/hot/data/github_daily/2014-10-15.json:0-2656017942,,0.835981,,,15.999329,476393,16014
tuplex-c++-sparse,/hot/data/github_daily/2015-10-15.json:0-2102880576,,0.980213,,,15.999329,737714,25301
tuplex-c++-sparse,/hot/data/github_daily/2016-10-15.json:0-1611649363,,0.82552,,,15.999329,678134,19412
tuplex-c++-sparse,/hot/data/github_daily/2017-10-15.json:0-2204545177,,1.09092,,,15.999329,910100,26107
tuplex-c++-sparse,/hot/data/github_daily/2018-10-15.json:0-4857228670,,2.05669,,,15.999329,1522655,44404
tuplex-c++-sparse,/hot/data/github_daily/2019-10-15.json:0-7798708474,,3.01821,,,15.999329,2134789,61337
tuplex-c++-sparse,/hot/data/github_daily/2020-10-15.json:0-12445448390,,4.616,,,15.999329,2963694,62354
tuplex-c++-sparse,/hot/data/github_daily/2021-10-15.json:0-3573656628,,1.52445,,,15.999329,1078139,21313
mode,input_path,output_path,time_in_s,loading_time_in_s,total_time_in_s,input_row_count,output_row_count
tuplex-c++-sparse,/hot/data/github_daily/2011-10-15.json:0-78478920,,0.152045,,,15.960172,48899,1418
tuplex-c++-sparse,/hot/data/github_daily/2012-10-15.json:0-213794112,,0.23351,,,15.960172,165692,5907
tuplex-c++-sparse,/hot/data/github_daily/2013-10-15.json:0-533607666,,0.325741,,,15.960172,296456,10628
tuplex-c++-sparse,/hot/data/github_daily/2014-10-15.json:0-2656017942,,0.838489,,,15.960172,476393,16014
tuplex-c++-sparse,/hot/data/github_daily/2015-10-15.json:0-2102880576,,0.981042,,,15.960172,737714,25301
tuplex-c++-sparse,/hot/data/github_daily/2016-10-15.json:0-1611649363,,0.836646,,,15.960172,678134,19412
tuplex-c++-sparse,/hot/data/github_daily/2017-10-15.json:0-2204545177,,1.07096,,,15.960172,910100,26107
tuplex-c++-sparse,/hot/data/github_daily/2018-10-15.json:0-4857228670,,2.04906,,,15.960172,1522655,44404
tuplex-c++-sparse,/hot/data/github_daily/2019-10-15.json:0-7798708474,,3.01386,,,15.960172,2134789,61337
tuplex-c++-sparse,/hot/data/github_daily/2020-10-15.json:0-12445448390,,4.57585,,,15.960172,2963694,62354
tuplex-c++-sparse,/hot/data/github_daily/2021-10-15.json:0-3573656628,,1.53965,,,15.960172,1078139,21313
