mode,input_path,output_path,time_in_s,loading_time_in_s,total_time_in_s,input_row_count,output_row_count
yyjson,/hot/data/github_daily/2011-10-15.json,./local-exp/c++-baseline/github/yyjson/output/part_0.csv,0.204367,0.0270962,76.276114,48899,1418
yyjson,/hot/data/github_daily/2012-10-15.json,./local-exp/c++-baseline/github/yyjson/output/part_1.csv,0.682567,0.0717191,76.276114,165692,5907
yyjson,/hot/data/github_daily/2013-10-15.json,./local-exp/c++-baseline/github/yyjson/output/part_2.csv,1.33816,0.172416,76.276114,296456,10628
yyjson,/hot/data/github_daily/2014-10-15.json,./local-exp/c++-baseline/github/yyjson/output/part_3.csv,4.97541,0.857009,76.276114,476393,16014
yyjson,/hot/data/github_daily/2015-10-15.json,./local-exp/c++-baseline/github/yyjson/output/part_4.csv,4.50396,0.692833,76.276114,737714,25301
yyjson,/hot/data/github_daily/2016-10-15.json,./local-exp/c++-baseline/github/yyjson/output/part_5.csv,3.55977,0.535837,76.276114,678134,19412
yyjson,/hot/data/github_daily/2017-10-15.json,./local-exp/c++-baseline/github/yyjson/output/part_6.csv,4.81462,0.716502,76.276114,910100,26107
yyjson,/hot/data/github_daily/2018-10-15.json,./local-exp/c++-baseline/github/yyjson/output/part_7.csv,10.1221,1.56106,76.276114,1522655,44404
yyjson,/hot/data/github_daily/2019-10-15.json,./local-exp/c++-baseline/github/yyjson/output/part_8.csv,15.2554,2.41681,76.276114,2134789,61337
yyjson,/hot/data/github_daily/2020-10-15.json,./local-exp/c++-baseline/github/yyjson/output/part_9.csv,23.3832,3.7513,76.276114,2963694,62354
yyjson,/hot/data/github_daily/2021-10-15.json,./local-exp/c++-baseline/github/yyjson/output/part_10.csv,7.43626,1.16803,76.276114,1078139,21313
mode,input_path,output_path,time_in_s,loading_time_in_s,total_time_in_s,input_row_count,output_row_count
yyjson,/hot/data/github_daily/2011-10-15.json,./local-exp/c++-baseline/github/yyjson/output/part_0.csv,0.203716,0.0271136,77.778797,48899,1418
yyjson,/hot/data/github_daily/2012-10-15.json,./local-exp/c++-baseline/github/yyjson/output/part_1.csv,0.693526,0.0716042,77.778797,165692,5907
yyjson,/hot/data/github_daily/2013-10-15.json,./local-exp/c++-baseline/github/yyjson/output/part_2.csv,1.36817,0.17144,77.778797,296456,10628
yyjson,/hot/data/github_daily/2014-10-15.json,./local-exp/c++-baseline/github/yyjson/output/part_3.csv,5.09082,0.861329,77.778797,476393,16014
yyjson,/hot/data/github_daily/2015-10-15.json,./local-exp/c++-baseline/github/yyjson/output/part_4.csv,4.61637,0.69543,77.778797,737714,25301
yyjson,/hot/data/github_daily/2016-10-15.json,./local-exp/c++-baseline/github/yyjson/output/part_5.csv,3.61717,0.537691,77.778797,678134,19412
yyjson,/hot/data/github_daily/2017-10-15.json,./local-exp/c++-baseline/github/yyjson/output/part_6.csv,4.93419,0.721124,77.778797,910100,26107
yyjson,/hot/data/github_daily/2018-10-15.json,./local-exp/c++-baseline/github/yyjson/output/part_7.csv,10.3086,1.56627,77.778797,1522655,44404
yyjson,/hot/data/github_daily/2019-10-15.json,./local-exp/c++-baseline/github/yyjson/output/part_8.csv,15.5325,2.42064,77.778797,2134789,61337
yyjson,/hot/data/github_daily/2020-10-15.json,./local-exp/c++-baseline/github/yyjson/output/part_9.csv,23.8641,3.77216,77.778797,2963694,62354
yyjson,/hot/data/github_daily/2021-10-15.json,./local-exp/c++-baseline/github/yyjson/output/part_10.csv,7.54947,1.16881,77.778797,1078139,21313
mode,input_path,output_path,time_in_s,loading_time_in_s,total_time_in_s,input_row_count,output_row_count
yyjson,/hot/data/github_daily/2011-10-15.json,./local-exp/c++-baseline/github/yyjson/output/part_0.csv,0.199886,0.0280209,76.906163,48899,1418
yyjson,/hot/data/github_daily/2012-10-15.json,./local-exp/c++-baseline/github/yyjson/output/part_1.csv,0.692439,0.0717385,76.906163,165692,5907
yyjson,/hot/data/github_daily/2013-10-15.json,./local-exp/c++-baseline/github/yyjson/output/part_2.csv,1.35585,0.171888,76.906163,296456,10628
yyjson,/hot/data/github_daily/2014-10-15.json,./local-exp/c++-baseline/github/yyjson/output/part_3.csv,5.04326,0.862803,76.906163,476393,16014
yyjson,/hot/data/github_daily/2015-10-15.json,./local-exp/c++-baseline/github/yyjson/output/part_4.csv,4.52832,0.69568,76.906163,737714,25301
yyjson,/hot/data/github_daily/2016-10-15.json,./local-exp/c++-baseline/github/yyjson/output/part_5.csv,3.57752,0.536593,76.906163,678134,19412
yyjson,/hot/data/github_daily/2017-10-15.json,./local-exp/c++-baseline/github/yyjson/output/part_6.csv,4.86642,0.721186,76.906163,910100,26107
yyjson,/hot/data/github_daily/2018-10-15.json,./local-exp/c++-baseline/github/yyjson/output/part_7.csv,10.1795,1.56672,76.906163,1522655,44404
yyjson,/hot/data/github_daily/2019-10-15.json,./local-exp/c++-baseline/github/yyjson/output/part_8.csv,15.2702,2.42134,76.906163,2134789,61337
yyjson,/hot/data/github_daily/2020-10-15.json,./local-exp/c++-baseline/github/yyjson/output/part_9.csv,23.6853,3.77577,76.906163,2963694,62354
yyjson,/hot/data/github_daily/2021-10-15.json,./local-exp/c++-baseline/github/yyjson/output/part_10.csv,7.50729,1.17051,76.906163,1078139,21313
mode,input_path,output_path,time_in_s,loading_time_in_s,total_time_in_s,input_row_count,output_row_count
yyjson,/hot/data/github_daily/2011-10-15.json,./local-exp/c++-baseline/github/yyjson/output/part_0.csv,0.198611,0.0269745,76.721553,48899,1418
yyjson,/hot/data/github_daily/2012-10-15.json,./local-exp/c++-baseline/github/yyjson/output/part_1.csv,0.686753,0.0716984,76.721553,165692,5907
yyjson,/hot/data/github_daily/2013-10-15.json,./local-exp/c++-baseline/github/yyjson/output/part_2.csv,1.35261,0.172338,76.721553,296456,10628
yyjson,/hot/data/github_daily/2014-10-15.json,./local-exp/c++-baseline/github/yyjson/output/part_3.csv,5.02105,0.860532,76.721553,476393,16014
yyjson,/hot/data/github_daily/2015-10-15.json,./local-exp/c++-baseline/github/yyjson/output/part_4.csv,4.55333,0.694621,76.721553,737714,25301
yyjson,/hot/data/github_daily/2016-10-15.json,./local-exp/c++-baseline/github/yyjson/output/part_5.csv,3.59478,0.536706,76.721553,678134,19412
yyjson,/hot/data/github_daily/2017-10-15.json,./local-exp/c++-baseline/github/yyjson/output/part_6.csv,4.84045,0.718874,76.721553,910100,26107
yyjson,/hot/data/github_daily/2018-10-15.json,./local-exp/c++-baseline/github/yyjson/output/part_7.csv,10.1645,1.56234,76.721553,1522655,44404
yyjson,/hot/data/github_daily/2019-10-15.json,./local-exp/c++-baseline/github/yyjson/output/part_8.csv,15.2019,2.42278,76.721553,2134789,61337
yyjson,/hot/data/github_daily/2020-10-15.json,./local-exp/c++-baseline/github/yyjson/output/part_9.csv,23.7149,3.76732,76.721553,2963694,62354
yyjson,/hot/data/github_daily/2021-10-15.json,./local-exp/c++-baseline/github/yyjson/output/part_10.csv,7.3924,1.16926,76.721553,1078139,21313
mode,input_path,output_path,time_in_s,loading_time_in_s,total_time_in_s,input_row_count,output_row_count
yyjson,/hot/data/github_daily/2011-10-15.json,./local-exp/c++-baseline/github/yyjson/output/part_0.csv,0.200971,0.0270427,78.842895,48899,1418
yyjson,/hot/data/github_daily/2012-10-15.json,./local-exp/c++-baseline/github/yyjson/output/part_1.csv,0.699928,0.0715313,78.842895,165692,5907
yyjson,/hot/data/github_daily/2013-10-15.json,./local-exp/c++-baseline/github/yyjson/output/part_2.csv,1.38084,0.171402,78.842895,296456,10628
yyjson,/hot/data/github_daily/2014-10-15.json,./local-exp/c++-baseline/github/yyjson/output/part_3.csv,5.08397,0.858976,78.842895,476393,16014
yyjson,/hot/data/github_daily/2015-10-15.json,./local-exp/c++-baseline/github/yyjson/output/part_4.csv,4.65751,0.693854,78.842895,737714,25301
yyjson,/hot/data/github_daily/2016-10-15.json,./local-exp/c++-baseline/github/yyjson/output/part_5.csv,3.65664,0.536287,78.842895,678134,19412
yyjson,/hot/data/github_daily/2017-10-15.json,./local-exp/c++-baseline/github/yyjson/output/part_6.csv,4.96496,0.718193,78.842895,910100,26107
yyjson,/hot/data/github_daily/2018-10-15.json,./local-exp/c++-baseline/github/yyjson/output/part_7.csv,10.4598,1.56107,78.842895,1522655,44404
yyjson,/hot/data/github_daily/2019-10-15.json,./local-exp/c++-baseline/github/yyjson/output/part_8.csv,15.8451,2.41744,78.842895,2134789,61337
yyjson,/hot/data/github_daily/2020-10-15.json,./local-exp/c++-baseline/github/yyjson/output/part_9.csv,24.2446,3.76923,78.842895,2963694,62354
yyjson,/hot/data/github_daily/2021-10-15.json,./local-exp/c++-baseline/github/yyjson/output/part_10.csv,7.64837,1.17076,78.842895,1078139,21313
mode,input_path,output_path,time_in_s,loading_time_in_s,total_time_in_s,input_row_count,output_row_count
yyjson,/hot/data/github_daily/2011-10-15.json,./local-exp/c++-baseline/github/yyjson/output/part_0.csv,0.199502,0.0270723,77.130020,48899,1418
yyjson,/hot/data/github_daily/2012-10-15.json,./local-exp/c++-baseline/github/yyjson/output/part_1.csv,0.691303,0.071711,77.130020,165692,5907
yyjson,/hot/data/github_daily/2013-10-15.json,./local-exp/c++-baseline/github/yyjson/output/part_2.csv,1.35671,0.172074,77.130020,296456,10628
yyjson,/hot/data/github_daily/2014-10-15.json,./local-exp/c++-baseline/github/yyjson/output/part_3.csv,5.03921,0.861208,77.130020,476393,16014
yyjson,/hot/data/github_daily/2015-10-15.json,./local-exp/c++-baseline/github/yyjson/output/part_4.csv,4.56327,0.696153,77.130020,737714,25301
yyjson,/hot/data/github_daily/2016-10-15.json,./local-exp/c++-baseline/github/yyjson/output/part_5.csv,3.59201,0.53774,77.130020,678134,19412
yyjson,/hot/data/github_daily/2017-10-15.json,./local-exp/c++-baseline/github/yyjson/output/part_6.csv,4.86558,0.720614,77.130020,910100,26107
yyjson,/hot/data/github_daily/2018-10-15.json,./local-exp/c++-baseline/github/yyjson/output/part_7.csv,10.2157,1.56612,77.130020,1522655,44404
yyjson,/hot/data/github_daily/2019-10-15.json,./local-exp/c++-baseline/github/yyjson/output/part_8.csv,15.4119,2.42363,77.130020,2134789,61337
yyjson,/hot/data/github_daily/2020-10-15.json,./local-exp/c++-baseline/github/yyjson/output/part_9.csv,23.6949,3.76738,77.130020,2963694,62354
yyjson,/hot/data/github_daily/2021-10-15.json,./local-exp/c++-baseline/github/yyjson/output/part_10.csv,7.49968,1.16913,77.130020,1078139,21313
